﻿{"domains":[{"Properties":{"objectsid":"S-1-5-21-3965405831-1015596948-2589850225","highvalue":true,"domain":"US.FUNCORP.LOCAL","description":null,"functionallevel":"2016"},"Name":"US.FUNCORP.LOCAL","Links":[{"IsEnforced":false,"Name":"DEFAULT DOMAIN POLICY@US.FUNCORP.LOCAL"}],"Trusts":[{"TargetName":"FUNCORP.LOCAL","IsTransitive":true,"TrustDirection":2,"TrustType":"ParentChild"}],"Aces":[{"PrincipalName":"ADMINISTRATORS@US.FUNCORP.LOCAL","PrincipalType":"group","RightName":"Owner","AceType":""},{"PrincipalName":"ADMINISTRATORS@US.FUNCORP.LOCAL","PrincipalType":"group","RightName":"WriteDacl","AceType":""},{"PrincipalName":"ADMINISTRATORS@US.FUNCORP.LOCAL","PrincipalType":"group","RightName":"WriteOwner","AceType":""},{"PrincipalName":"ADMINISTRATORS@US.FUNCORP.LOCAL","PrincipalType":"group","RightName":"ExtendedRight","AceType":"All"},{"PrincipalName":"DOMAIN ADMINS@US.FUNCORP.LOCAL","PrincipalType":"group","RightName":"WriteDacl","AceType":""},{"PrincipalName":"DOMAIN ADMINS@US.FUNCORP.LOCAL","PrincipalType":"group","RightName":"WriteOwner","AceType":""},{"PrincipalName":"DOMAIN ADMINS@US.FUNCORP.LOCAL","PrincipalType":"group","RightName":"ExtendedRight","AceType":"All"},{"PrincipalName":"ENTERPRISE DOMAIN CONTROLLERS@FUNCORP.LOCAL","PrincipalType":"group","RightName":"ExtendedRight","AceType":"GetChanges"},{"PrincipalName":"ADMINISTRATORS@US.FUNCORP.LOCAL","PrincipalType":"group","RightName":"ExtendedRight","AceType":"GetChangesAll"},{"PrincipalName":"ADMINISTRATORS@US.FUNCORP.LOCAL","PrincipalType":"group","RightName":"ExtendedRight","AceType":"GetChanges"},{"PrincipalName":"DOMAIN CONTROLLERS@US.FUNCORP.LOCAL","PrincipalType":"group","RightName":"ExtendedRight","AceType":"GetChangesAll"},{"PrincipalName":"ENTERPRISE READ-ONLY DOMAIN CONTROLLERS@FUNCORP.LOCAL","PrincipalType":"group","RightName":"ExtendedRight","AceType":"GetChanges"}],"ChildOus":["6EE45B8D-0564-4277-B455-2C59FFDB1652","99E5E32D-2F78-48C5-8430-DD4A15F5C272","20D12650-D90E-4C09-AE48-541B34075B33","12A1190C-E24E-4AD4-B084-92D9E47E58ED","6F17609C-13E3-48AC-9AF5-EC93AF18791C"],"Computers":[],"Users":["PASTUDENT96@US.FUNCORP.LOCAL","PASTUDENT97@US.FUNCORP.LOCAL","PASTUDENT98@US.FUNCORP.LOCAL","PASTUDENT99@US.FUNCORP.LOCAL","PASTUDENT100@US.FUNCORP.LOCAL","PASTUDENT101@US.FUNCORP.LOCAL","PASTUDENT102@US.FUNCORP.LOCAL","PASTUDENT103@US.FUNCORP.LOCAL","PAADMIN@US.FUNCORP.LOCAL","APPADMIN@US.FUNCORP.LOCAL","DBADMIN@US.FUNCORP.LOCAL","DBSERVICE@US.FUNCORP.LOCAL","DB1USER@US.FUNCORP.LOCAL","SERVICESADMIN@US.FUNCORP.LOCAL","SQLDEVADMIN@US.FUNCORP.LOCAL","SQLREPORTUSER@US.FUNCORP.LOCAL","JUMPSRVADMIN@US.FUNCORP.LOCAL","WEBPRODADMIN@US.FUNCORP.LOCAL","DBPRODADMIN@US.FUNCORP.LOCAL","ADMINISTRATOR@US.FUNCORP.LOCAL","GUEST@US.FUNCORP.LOCAL","DEFAULTACCOUNT@US.FUNCORP.LOCAL","KRBTGT@US.FUNCORP.LOCAL"]}],"meta":{"count":1,"type":"domains"}}