﻿{"sessions":[{"UserName":"SQLDEVADMIN@US.FUNCORP.LOCAL","ComputerName":"UFC-SQLDEV.US.FUNCORP.LOCAL","Weight":1},{"UserName":"APPADMIN@US.FUNCORP.LOCAL","ComputerName":"UFC-APP1.US.FUNCORP.LOCAL","Weight":1},{"UserName":"ADMINISTRATOR@US.FUNCORP.LOCAL","ComputerName":"UFC-DC1.US.FUNCORP.LOCAL","Weight":1},{"UserName":"PAADMIN@US.FUNCORP.LOCAL","ComputerName":"PA-ADMIN.US.FUNCORP.LOCAL","Weight":1},{"UserName":"PASTUDENT103@US.FUNCORP.LOCAL","ComputerName":"PA-USER103.US.FUNCORP.LOCAL","Weight":2},{"UserName":"JUMPSRVADMIN@US.FUNCORP.LOCAL","ComputerName":"UFC-JUMPSRV.US.FUNCORP.LOCAL","Weight":1},{"UserName":"PASTUDENT103@US.FUNCORP.LOCAL","ComputerName":"UFC-JUMPSRV.US.FUNCORP.LOCAL","Weight":1},{"UserName":"PASTUDENT98@US.FUNCORP.LOCAL","ComputerName":"192.168.50.251","Weight":2},{"UserName":"PASTUDENT96@US.FUNCORP.LOCAL","ComputerName":"192.168.50.251","Weight":2},{"UserName":"PASTUDENT102@US.FUNCORP.LOCAL","ComputerName":"192.168.50.251","Weight":2},{"UserName":"PASTUDENT100@US.FUNCORP.LOCAL","ComputerName":"192.168.50.251","Weight":2},{"UserName":"PASTUDENT101@US.FUNCORP.LOCAL","ComputerName":"192.168.50.251","Weight":2},{"UserName":"PASTUDENT97@US.FUNCORP.LOCAL","ComputerName":"192.168.50.251","Weight":2},{"UserName":"PASTUDENT101@US.FUNCORP.LOCAL","ComputerName":"PA-USER101.US.FUNCORP.LOCAL","Weight":1},{"UserName":"PASTUDENT103@US.FUNCORP.LOCAL","ComputerName":"192.168.50.251","Weight":2},{"UserName":"PASTUDENT102@US.FUNCORP.LOCAL","ComputerName":"PA-USER102.US.FUNCORP.LOCAL","Weight":1},{"UserName":"PASTUDENT100@US.FUNCORP.LOCAL","ComputerName":"PA-USER100.US.FUNCORP.LOCAL","Weight":1},{"UserName":"PASTUDENT98@US.FUNCORP.LOCAL","ComputerName":"PA-USER98.US.FUNCORP.LOCAL","Weight":1},{"UserName":"PASTUDENT97@US.FUNCORP.LOCAL","ComputerName":"PA-USER97.US.FUNCORP.LOCAL","Weight":1},{"UserName":"PASTUDENT103@US.FUNCORP.LOCAL","ComputerName":"PA-USER103.US.FUNCORP.LOCAL","Weight":1},{"UserName":"PASTUDENT96@US.FUNCORP.LOCAL","ComputerName":"PA-USER96.US.FUNCORP.LOCAL","Weight":1}],"meta":{"count":21,"type":"sessions"}}