﻿{"computers":[{"Properties":{"haslaps":false,"objectsid":"S-1-5-21-3965405831-1015596948-2589850225-1000","highvalue":false,"domain":"US.FUNCORP.LOCAL","enabled":true,"unconstraineddelegation":true,"lastlogon":1579034579,"lastlogontimestamp":1578369671,"pwdlastset":1557997727,"serviceprincipalnames":["ldap/UFC-DC1.us.funcorp.local/DomainDnsZones.us.funcorp.local","ldap/UFC-DC1.us.funcorp.local/ForestDnsZones.funcorp.local","Dfsr-12F9A27C-BF97-4787-9364-D31B6C55EB04/UFC-DC1.us.funcorp.local","TERMSRV/UFC-DC1","TERMSRV/UFC-DC1.us.funcorp.local","DNS/UFC-DC1.us.funcorp.local","GC/UFC-DC1.us.funcorp.local/funcorp.local","RestrictedKrbHost/UFC-DC1.us.funcorp.local","RestrictedKrbHost/UFC-DC1","RPC/5873d6ca-8398-42dc-8c56-885c4ed4cd2b._msdcs.funcorp.local","HOST/UFC-DC1/USFUN","HOST/UFC-DC1.us.funcorp.local/USFUN","HOST/UFC-DC1","HOST/UFC-DC1.us.funcorp.local","HOST/UFC-DC1.us.funcorp.local/us.funcorp.local","E3514235-4B06-11D1-AB04-00C04FC2DCD2/5873d6ca-8398-42dc-8c56-885c4ed4cd2b/us.funcorp.local","ldap/UFC-DC1/USFUN","ldap/5873d6ca-8398-42dc-8c56-885c4ed4cd2b._msdcs.funcorp.local","ldap/UFC-DC1.us.funcorp.local/USFUN","ldap/UFC-DC1","ldap/UFC-DC1.us.funcorp.local","ldap/UFC-DC1.us.funcorp.local/us.funcorp.local"],"operatingsystem":"Windows Server 2016 Standard","description":null},"Name":"UFC-DC1.US.FUNCORP.LOCAL","PrimaryGroup":"DOMAIN CONTROLLERS@US.FUNCORP.LOCAL","LocalAdmins":[{"Name":"ADMINISTRATOR@US.FUNCORP.LOCAL","Type":"User"},{"Name":"DOMAIN ADMINS@US.FUNCORP.LOCAL","Type":"Group"}],"RemoteDesktopUsers":[],"DcomUsers":[],"AllowedToDelegate":[],"AllowedToAct":null,"Aces":[{"PrincipalName":"DOMAIN ADMINS@US.FUNCORP.LOCAL","PrincipalType":"group","RightName":"Owner","AceType":""},{"PrincipalName":"DOMAIN ADMINS@US.FUNCORP.LOCAL","PrincipalType":"group","RightName":"GenericAll","AceType":""},{"PrincipalName":"ADMINISTRATORS@US.FUNCORP.LOCAL","PrincipalType":"group","RightName":"GenericWrite","AceType":""},{"PrincipalName":"ADMINISTRATORS@US.FUNCORP.LOCAL","PrincipalType":"group","RightName":"WriteDacl","AceType":""},{"PrincipalName":"ADMINISTRATORS@US.FUNCORP.LOCAL","PrincipalType":"group","RightName":"WriteOwner","AceType":""}]},{"Properties":{"haslaps":false,"objectsid":"S-1-5-21-3965405831-1015596948-2589850225-1107","highvalue":false,"domain":"US.FUNCORP.LOCAL","enabled":true,"unconstraineddelegation":false,"lastlogon":1579041510,"lastlogontimestamp":1578369693,"pwdlastset":1558584938,"serviceprincipalnames":["TERMSRV/UFC-APP1","TERMSRV/UFC-App1.us.funcorp.local","WSMAN/UFC-App1","WSMAN/UFC-App1.us.funcorp.local","RestrictedKrbHost/UFC-APP1","HOST/UFC-APP1","RestrictedKrbHost/UFC-App1.us.funcorp.local","HOST/UFC-App1.us.funcorp.local"],"operatingsystem":"Windows Server 2016 Standard","description":null},"Name":"UFC-APP1.US.FUNCORP.LOCAL","PrimaryGroup":"DOMAIN COMPUTERS@US.FUNCORP.LOCAL","LocalAdmins":[],"RemoteDesktopUsers":[],"DcomUsers":[],"AllowedToDelegate":[],"AllowedToAct":null,"Aces":[{"PrincipalName":"DOMAIN ADMINS@US.FUNCORP.LOCAL","PrincipalType":"group","RightName":"Owner","AceType":""},{"PrincipalName":"ACCOUNT OPERATORS@US.FUNCORP.LOCAL","PrincipalType":"group","RightName":"GenericAll","AceType":""},{"PrincipalName":"DOMAIN ADMINS@US.FUNCORP.LOCAL","PrincipalType":"group","RightName":"GenericAll","AceType":""},{"PrincipalName":"ADMINISTRATORS@US.FUNCORP.LOCAL","PrincipalType":"group","RightName":"GenericWrite","AceType":""},{"PrincipalName":"ADMINISTRATORS@US.FUNCORP.LOCAL","PrincipalType":"group","RightName":"WriteDacl","AceType":""},{"PrincipalName":"ADMINISTRATORS@US.FUNCORP.LOCAL","PrincipalType":"group","RightName":"WriteOwner","AceType":""}]},{"Properties":{"haslaps":false,"objectsid":"S-1-5-21-3965405831-1015596948-2589850225-1106","highvalue":false,"domain":"US.FUNCORP.LOCAL","enabled":true,"unconstraineddelegation":false,"lastlogon":1579041461,"lastlogontimestamp":1578369702,"pwdlastset":1557997768,"serviceprincipalnames":["MSSQLSvc/UFC-SQLDev.us.funcorp.local:1433","MSSQLSvc/UFC-SQLDev.us.funcorp.local","WSMAN/UFC-SQLDev","WSMAN/UFC-SQLDev.us.funcorp.local","TERMSRV/UFC-SQLDEV","TERMSRV/UFC-SQLDev.us.funcorp.local","RestrictedKrbHost/UFC-SQLDEV","HOST/UFC-SQLDEV","RestrictedKrbHost/UFC-SQLDev.us.funcorp.local","HOST/UFC-SQLDev.us.funcorp.local"],"operatingsystem":"Windows Server 2016 Standard","description":null},"Name":"UFC-SQLDEV.US.FUNCORP.LOCAL","PrimaryGroup":"DOMAIN COMPUTERS@US.FUNCORP.LOCAL","LocalAdmins":[],"RemoteDesktopUsers":[],"DcomUsers":[],"AllowedToDelegate":[],"AllowedToAct":null,"Aces":[{"PrincipalName":"DOMAIN ADMINS@US.FUNCORP.LOCAL","PrincipalType":"group","RightName":"Owner","AceType":""},{"PrincipalName":"ACCOUNT OPERATORS@US.FUNCORP.LOCAL","PrincipalType":"group","RightName":"GenericAll","AceType":""},{"PrincipalName":"DOMAIN ADMINS@US.FUNCORP.LOCAL","PrincipalType":"group","RightName":"GenericAll","AceType":""},{"PrincipalName":"ADMINISTRATORS@US.FUNCORP.LOCAL","PrincipalType":"group","RightName":"GenericWrite","AceType":""},{"PrincipalName":"ADMINISTRATORS@US.FUNCORP.LOCAL","PrincipalType":"group","RightName":"WriteDacl","AceType":""},{"PrincipalName":"ADMINISTRATORS@US.FUNCORP.LOCAL","PrincipalType":"group","RightName":"WriteOwner","AceType":""}]},{"Properties":{"haslaps":false,"objectsid":"S-1-5-21-3965405831-1015596948-2589850225-3105","highvalue":false,"domain":"US.FUNCORP.LOCAL","enabled":true,"unconstraineddelegation":false,"lastlogon":1579041495,"lastlogontimestamp":1578369711,"pwdlastset":1567482946,"serviceprincipalnames":["WSMAN/PA-User101","WSMAN/PA-User101.us.funcorp.local","TERMSRV/PA-USER101","TERMSRV/PA-User101.us.funcorp.local","RestrictedKrbHost/PA-USER101","HOST/PA-USER101","RestrictedKrbHost/PA-User101.us.funcorp.local","HOST/PA-User101.us.funcorp.local"],"operatingsystem":"Windows Server 2016 Standard","description":null},"Name":"PA-USER101.US.FUNCORP.LOCAL","PrimaryGroup":"DOMAIN COMPUTERS@US.FUNCORP.LOCAL","LocalAdmins":[{"Name":"DOMAIN ADMINS@US.FUNCORP.LOCAL","Type":"Group"},{"Name":"PASTUDENT101@US.FUNCORP.LOCAL","Type":"User"}],"RemoteDesktopUsers":[{"Name":"PASTUDENT101@US.FUNCORP.LOCAL","Type":"User"}],"DcomUsers":[],"AllowedToDelegate":[],"AllowedToAct":null,"Aces":[{"PrincipalName":"DOMAIN ADMINS@US.FUNCORP.LOCAL","PrincipalType":"group","RightName":"Owner","AceType":""},{"PrincipalName":"ACCOUNT OPERATORS@US.FUNCORP.LOCAL","PrincipalType":"group","RightName":"GenericAll","AceType":""},{"PrincipalName":"DOMAIN ADMINS@US.FUNCORP.LOCAL","PrincipalType":"group","RightName":"GenericAll","AceType":""},{"PrincipalName":"ADMINISTRATORS@US.FUNCORP.LOCAL","PrincipalType":"group","RightName":"GenericWrite","AceType":""},{"PrincipalName":"ADMINISTRATORS@US.FUNCORP.LOCAL","PrincipalType":"group","RightName":"WriteDacl","AceType":""},{"PrincipalName":"ADMINISTRATORS@US.FUNCORP.LOCAL","PrincipalType":"group","RightName":"WriteOwner","AceType":""}]},{"Properties":{"haslaps":false,"objectsid":"S-1-5-21-3965405831-1015596948-2589850225-3100","highvalue":false,"domain":"US.FUNCORP.LOCAL","enabled":true,"unconstraineddelegation":false,"lastlogon":1579041483,"lastlogontimestamp":1578369703,"pwdlastset":1572775003,"serviceprincipalnames":["WSMAN/PA-User96","WSMAN/PA-User96.us.funcorp.local","TERMSRV/PA-USER96","TERMSRV/PA-User96.us.funcorp.local","RestrictedKrbHost/PA-USER96","HOST/PA-USER96","RestrictedKrbHost/PA-User96.us.funcorp.local","HOST/PA-User96.us.funcorp.local"],"operatingsystem":"Windows Server 2016 Standard","description":null},"Name":"PA-USER96.US.FUNCORP.LOCAL","PrimaryGroup":"DOMAIN COMPUTERS@US.FUNCORP.LOCAL","LocalAdmins":[],"RemoteDesktopUsers":[],"DcomUsers":[],"AllowedToDelegate":[],"AllowedToAct":null,"Aces":[{"PrincipalName":"DOMAIN ADMINS@US.FUNCORP.LOCAL","PrincipalType":"group","RightName":"Owner","AceType":""},{"PrincipalName":"ACCOUNT OPERATORS@US.FUNCORP.LOCAL","PrincipalType":"group","RightName":"GenericAll","AceType":""},{"PrincipalName":"DOMAIN ADMINS@US.FUNCORP.LOCAL","PrincipalType":"group","RightName":"GenericAll","AceType":""},{"PrincipalName":"ADMINISTRATORS@US.FUNCORP.LOCAL","PrincipalType":"group","RightName":"GenericWrite","AceType":""},{"PrincipalName":"ADMINISTRATORS@US.FUNCORP.LOCAL","PrincipalType":"group","RightName":"WriteDacl","AceType":""},{"PrincipalName":"ADMINISTRATORS@US.FUNCORP.LOCAL","PrincipalType":"group","RightName":"WriteOwner","AceType":""}]},{"Properties":{"haslaps":false,"objectsid":"S-1-5-21-3965405831-1015596948-2589850225-3102","highvalue":false,"domain":"US.FUNCORP.LOCAL","enabled":true,"unconstraineddelegation":false,"lastlogon":1579041494,"lastlogontimestamp":1578369724,"pwdlastset":1576154576,"serviceprincipalnames":["WSMAN/PA-User98","WSMAN/PA-User98.us.funcorp.local","TERMSRV/PA-USER98","TERMSRV/PA-User98.us.funcorp.local","RestrictedKrbHost/PA-USER98","HOST/PA-USER98","RestrictedKrbHost/PA-User98.us.funcorp.local","HOST/PA-User98.us.funcorp.local"],"operatingsystem":"Windows Server 2016 Standard","description":null},"Name":"PA-USER98.US.FUNCORP.LOCAL","PrimaryGroup":"DOMAIN COMPUTERS@US.FUNCORP.LOCAL","LocalAdmins":[],"RemoteDesktopUsers":[],"DcomUsers":[],"AllowedToDelegate":[],"AllowedToAct":null,"Aces":[{"PrincipalName":"DOMAIN ADMINS@US.FUNCORP.LOCAL","PrincipalType":"group","RightName":"Owner","AceType":""},{"PrincipalName":"ACCOUNT OPERATORS@US.FUNCORP.LOCAL","PrincipalType":"group","RightName":"GenericAll","AceType":""},{"PrincipalName":"DOMAIN ADMINS@US.FUNCORP.LOCAL","PrincipalType":"group","RightName":"GenericAll","AceType":""},{"PrincipalName":"ADMINISTRATORS@US.FUNCORP.LOCAL","PrincipalType":"group","RightName":"GenericWrite","AceType":""},{"PrincipalName":"ADMINISTRATORS@US.FUNCORP.LOCAL","PrincipalType":"group","RightName":"WriteDacl","AceType":""},{"PrincipalName":"ADMINISTRATORS@US.FUNCORP.LOCAL","PrincipalType":"group","RightName":"WriteOwner","AceType":""}]},{"Properties":{"haslaps":false,"objectsid":"S-1-5-21-3965405831-1015596948-2589850225-3101","highvalue":false,"domain":"US.FUNCORP.LOCAL","enabled":true,"unconstraineddelegation":false,"lastlogon":1579041460,"lastlogontimestamp":1578369678,"pwdlastset":1576154373,"serviceprincipalnames":["TERMSRV/PA-USER97","TERMSRV/PA-User97.us.funcorp.local","WSMAN/PA-User97","WSMAN/PA-User97.us.funcorp.local","RestrictedKrbHost/PA-USER97","HOST/PA-USER97","RestrictedKrbHost/PA-User97.us.funcorp.local","HOST/PA-User97.us.funcorp.local"],"operatingsystem":"Windows Server 2016 Standard","description":null},"Name":"PA-USER97.US.FUNCORP.LOCAL","PrimaryGroup":"DOMAIN COMPUTERS@US.FUNCORP.LOCAL","LocalAdmins":[],"RemoteDesktopUsers":[],"DcomUsers":[],"AllowedToDelegate":[],"AllowedToAct":null,"Aces":[{"PrincipalName":"DOMAIN ADMINS@US.FUNCORP.LOCAL","PrincipalType":"group","RightName":"Owner","AceType":""},{"PrincipalName":"ACCOUNT OPERATORS@US.FUNCORP.LOCAL","PrincipalType":"group","RightName":"GenericAll","AceType":""},{"PrincipalName":"DOMAIN ADMINS@US.FUNCORP.LOCAL","PrincipalType":"group","RightName":"GenericAll","AceType":""},{"PrincipalName":"ADMINISTRATORS@US.FUNCORP.LOCAL","PrincipalType":"group","RightName":"GenericWrite","AceType":""},{"PrincipalName":"ADMINISTRATORS@US.FUNCORP.LOCAL","PrincipalType":"group","RightName":"WriteDacl","AceType":""},{"PrincipalName":"ADMINISTRATORS@US.FUNCORP.LOCAL","PrincipalType":"group","RightName":"WriteOwner","AceType":""}]},{"Properties":{"haslaps":false,"objectsid":"S-1-5-21-3965405831-1015596948-2589850225-3106","highvalue":false,"domain":"US.FUNCORP.LOCAL","enabled":true,"unconstraineddelegation":false,"lastlogon":1579041462,"lastlogontimestamp":1578369683,"pwdlastset":1576155345,"serviceprincipalnames":["TERMSRV/PA-USER102","TERMSRV/PA-User102.us.funcorp.local","WSMAN/PA-User102","WSMAN/PA-User102.us.funcorp.local","RestrictedKrbHost/PA-USER102","HOST/PA-USER102","RestrictedKrbHost/PA-User102.us.funcorp.local","HOST/PA-User102.us.funcorp.local"],"operatingsystem":"Windows Server 2016 Standard","description":null},"Name":"PA-USER102.US.FUNCORP.LOCAL","PrimaryGroup":"DOMAIN COMPUTERS@US.FUNCORP.LOCAL","LocalAdmins":[],"RemoteDesktopUsers":[],"DcomUsers":[],"AllowedToDelegate":[],"AllowedToAct":null,"Aces":[{"PrincipalName":"DOMAIN ADMINS@US.FUNCORP.LOCAL","PrincipalType":"group","RightName":"Owner","AceType":""},{"PrincipalName":"ACCOUNT OPERATORS@US.FUNCORP.LOCAL","PrincipalType":"group","RightName":"GenericAll","AceType":""},{"PrincipalName":"DOMAIN ADMINS@US.FUNCORP.LOCAL","PrincipalType":"group","RightName":"GenericAll","AceType":""},{"PrincipalName":"ADMINISTRATORS@US.FUNCORP.LOCAL","PrincipalType":"group","RightName":"GenericWrite","AceType":""},{"PrincipalName":"ADMINISTRATORS@US.FUNCORP.LOCAL","PrincipalType":"group","RightName":"WriteDacl","AceType":""},{"PrincipalName":"ADMINISTRATORS@US.FUNCORP.LOCAL","PrincipalType":"group","RightName":"WriteOwner","AceType":""}]},{"Properties":{"haslaps":false,"objectsid":"S-1-5-21-3965405831-1015596948-2589850225-3104","highvalue":false,"domain":"US.FUNCORP.LOCAL","enabled":true,"unconstraineddelegation":false,"lastlogon":1579041456,"lastlogontimestamp":1578369681,"pwdlastset":1576155064,"serviceprincipalnames":["WSMAN/PA-User100","WSMAN/PA-User100.us.funcorp.local","TERMSRV/PA-USER100","TERMSRV/PA-User100.us.funcorp.local","RestrictedKrbHost/PA-USER100","HOST/PA-USER100","RestrictedKrbHost/PA-User100.us.funcorp.local","HOST/PA-User100.us.funcorp.local"],"operatingsystem":"Windows Server 2016 Standard","description":null},"Name":"PA-USER100.US.FUNCORP.LOCAL","PrimaryGroup":"DOMAIN COMPUTERS@US.FUNCORP.LOCAL","LocalAdmins":[],"RemoteDesktopUsers":[],"DcomUsers":[],"AllowedToDelegate":[],"AllowedToAct":null,"Aces":[{"PrincipalName":"DOMAIN ADMINS@US.FUNCORP.LOCAL","PrincipalType":"group","RightName":"Owner","AceType":""},{"PrincipalName":"ACCOUNT OPERATORS@US.FUNCORP.LOCAL","PrincipalType":"group","RightName":"GenericAll","AceType":""},{"PrincipalName":"DOMAIN ADMINS@US.FUNCORP.LOCAL","PrincipalType":"group","RightName":"GenericAll","AceType":""},{"PrincipalName":"ADMINISTRATORS@US.FUNCORP.LOCAL","PrincipalType":"group","RightName":"GenericWrite","AceType":""},{"PrincipalName":"ADMINISTRATORS@US.FUNCORP.LOCAL","PrincipalType":"group","RightName":"WriteDacl","AceType":""},{"PrincipalName":"ADMINISTRATORS@US.FUNCORP.LOCAL","PrincipalType":"group","RightName":"WriteOwner","AceType":""}]},{"Properties":{"haslaps":false,"objectsid":"S-1-5-21-3965405831-1015596948-2589850225-3107","highvalue":false,"domain":"US.FUNCORP.LOCAL","enabled":true,"unconstraineddelegation":false,"lastlogon":1579041494,"lastlogontimestamp":1578369712,"pwdlastset":1576155729,"serviceprincipalnames":["WSMAN/PA-User103","WSMAN/PA-User103.us.funcorp.local","TERMSRV/PA-USER103","TERMSRV/PA-User103.us.funcorp.local","RestrictedKrbHost/PA-USER103","HOST/PA-USER103","RestrictedKrbHost/PA-User103.us.funcorp.local","HOST/PA-User103.us.funcorp.local"],"operatingsystem":"Windows Server 2016 Standard","description":null},"Name":"PA-USER103.US.FUNCORP.LOCAL","PrimaryGroup":"DOMAIN COMPUTERS@US.FUNCORP.LOCAL","LocalAdmins":[],"RemoteDesktopUsers":[],"DcomUsers":[],"AllowedToDelegate":[],"AllowedToAct":null,"Aces":[{"PrincipalName":"DOMAIN ADMINS@US.FUNCORP.LOCAL","PrincipalType":"group","RightName":"Owner","AceType":""},{"PrincipalName":"ACCOUNT OPERATORS@US.FUNCORP.LOCAL","PrincipalType":"group","RightName":"GenericAll","AceType":""},{"PrincipalName":"DOMAIN ADMINS@US.FUNCORP.LOCAL","PrincipalType":"group","RightName":"GenericAll","AceType":""},{"PrincipalName":"ADMINISTRATORS@US.FUNCORP.LOCAL","PrincipalType":"group","RightName":"GenericWrite","AceType":""},{"PrincipalName":"ADMINISTRATORS@US.FUNCORP.LOCAL","PrincipalType":"group","RightName":"WriteDacl","AceType":""},{"PrincipalName":"ADMINISTRATORS@US.FUNCORP.LOCAL","PrincipalType":"group","RightName":"WriteOwner","AceType":""}]},{"Properties":{"haslaps":false,"objectsid":"S-1-5-21-3965405831-1015596948-2589850225-3108","highvalue":false,"domain":"US.FUNCORP.LOCAL","enabled":true,"unconstraineddelegation":false,"lastlogon":1579041489,"lastlogontimestamp":1578369732,"pwdlastset":1576159252,"serviceprincipalnames":["TERMSRV/PA-ADMIN","TERMSRV/PA-Admin.us.funcorp.local","WSMAN/PA-Admin","WSMAN/PA-Admin.us.funcorp.local","RestrictedKrbHost/PA-ADMIN","HOST/PA-ADMIN","RestrictedKrbHost/PA-Admin.us.funcorp.local","HOST/PA-Admin.us.funcorp.local"],"operatingsystem":"Windows Server 2016 Standard","description":null},"Name":"PA-ADMIN.US.FUNCORP.LOCAL","PrimaryGroup":"DOMAIN COMPUTERS@US.FUNCORP.LOCAL","LocalAdmins":[],"RemoteDesktopUsers":[],"DcomUsers":[],"AllowedToDelegate":[],"AllowedToAct":null,"Aces":[{"PrincipalName":"DOMAIN ADMINS@US.FUNCORP.LOCAL","PrincipalType":"group","RightName":"Owner","AceType":""},{"PrincipalName":"ACCOUNT OPERATORS@US.FUNCORP.LOCAL","PrincipalType":"group","RightName":"GenericAll","AceType":""},{"PrincipalName":"DOMAIN ADMINS@US.FUNCORP.LOCAL","PrincipalType":"group","RightName":"GenericAll","AceType":""},{"PrincipalName":"ADMINISTRATORS@US.FUNCORP.LOCAL","PrincipalType":"group","RightName":"GenericWrite","AceType":""},{"PrincipalName":"ADMINISTRATORS@US.FUNCORP.LOCAL","PrincipalType":"group","RightName":"WriteDacl","AceType":""},{"PrincipalName":"ADMINISTRATORS@US.FUNCORP.LOCAL","PrincipalType":"group","RightName":"WriteOwner","AceType":""}]},{"Properties":{"haslaps":false,"objectsid":"S-1-5-21-3965405831-1015596948-2589850225-1109","highvalue":false,"domain":"US.FUNCORP.LOCAL","enabled":true,"unconstraineddelegation":false,"lastlogon":1579041510,"lastlogontimestamp":1578369687,"pwdlastset":1557997747,"serviceprincipalnames":["TERMSRV/UFC-JUMPSRV","TERMSRV/UFC-JumpSrv.us.funcorp.local","WSMAN/UFC-JumpSrv","WSMAN/UFC-JumpSrv.us.funcorp.local","RestrictedKrbHost/UFC-JUMPSRV","HOST/UFC-JUMPSRV","RestrictedKrbHost/UFC-JumpSrv.us.funcorp.local","HOST/UFC-JumpSrv.us.funcorp.local"],"operatingsystem":"Windows Server 2016 Standard","description":null},"Name":"UFC-JUMPSRV.US.FUNCORP.LOCAL","PrimaryGroup":"DOMAIN COMPUTERS@US.FUNCORP.LOCAL","LocalAdmins":[{"Name":"DOMAIN ADMINS@US.FUNCORP.LOCAL","Type":"Group"},{"Name":"RDPUSERS@US.FUNCORP.LOCAL","Type":"Group"},{"Name":"JUMPSRVADMIN@US.FUNCORP.LOCAL","Type":"User"}],"RemoteDesktopUsers":[],"DcomUsers":[],"AllowedToDelegate":[],"AllowedToAct":null,"Aces":[{"PrincipalName":"DOMAIN ADMINS@US.FUNCORP.LOCAL","PrincipalType":"group","RightName":"Owner","AceType":""},{"PrincipalName":"ACCOUNT OPERATORS@US.FUNCORP.LOCAL","PrincipalType":"group","RightName":"GenericAll","AceType":""},{"PrincipalName":"DOMAIN ADMINS@US.FUNCORP.LOCAL","PrincipalType":"group","RightName":"GenericAll","AceType":""},{"PrincipalName":"ADMINISTRATORS@US.FUNCORP.LOCAL","PrincipalType":"group","RightName":"GenericWrite","AceType":""},{"PrincipalName":"ADMINISTRATORS@US.FUNCORP.LOCAL","PrincipalType":"group","RightName":"WriteDacl","AceType":""},{"PrincipalName":"ADMINISTRATORS@US.FUNCORP.LOCAL","PrincipalType":"group","RightName":"WriteOwner","AceType":""}]},{"Properties":{"haslaps":false,"objectsid":"S-1-5-21-3965405831-1015596948-2589850225-1105","highvalue":false,"domain":"US.FUNCORP.LOCAL","enabled":true,"unconstraineddelegation":false,"lastlogon":1579041477,"lastlogontimestamp":1578369723,"pwdlastset":1558584982,"serviceprincipalnames":["MSSQLSvc/UFC-DBProd.us.funcorp.local:1433","MSSQLSvc/UFC-DBProd.us.funcorp.local","TERMSRV/UFC-DBPROD","TERMSRV/UFC-DBProd.us.funcorp.local","WSMAN/UFC-DBProd","WSMAN/UFC-DBProd.us.funcorp.local","RestrictedKrbHost/UFC-DBPROD","HOST/UFC-DBPROD","RestrictedKrbHost/UFC-DBProd.us.funcorp.local","HOST/UFC-DBProd.us.funcorp.local"],"operatingsystem":"Windows Server 2016 Standard","description":null},"Name":"UFC-DBPROD.US.FUNCORP.LOCAL","PrimaryGroup":"DOMAIN COMPUTERS@US.FUNCORP.LOCAL","LocalAdmins":[],"RemoteDesktopUsers":[],"DcomUsers":[],"AllowedToDelegate":[],"AllowedToAct":null,"Aces":[{"PrincipalName":"DOMAIN ADMINS@US.FUNCORP.LOCAL","PrincipalType":"group","RightName":"Owner","AceType":""},{"PrincipalName":"ACCOUNT OPERATORS@US.FUNCORP.LOCAL","PrincipalType":"group","RightName":"GenericAll","AceType":""},{"PrincipalName":"DOMAIN ADMINS@US.FUNCORP.LOCAL","PrincipalType":"group","RightName":"GenericAll","AceType":""},{"PrincipalName":"ADMINISTRATORS@US.FUNCORP.LOCAL","PrincipalType":"group","RightName":"GenericWrite","AceType":""},{"PrincipalName":"ADMINISTRATORS@US.FUNCORP.LOCAL","PrincipalType":"group","RightName":"WriteDacl","AceType":""},{"PrincipalName":"ADMINISTRATORS@US.FUNCORP.LOCAL","PrincipalType":"group","RightName":"WriteOwner","AceType":""}]},{"Properties":{"haslaps":false,"objectsid":"S-1-5-21-3965405831-1015596948-2589850225-1104","highvalue":false,"domain":"US.FUNCORP.LOCAL","enabled":true,"unconstraineddelegation":true,"lastlogon":1579041473,"lastlogontimestamp":1578369718,"pwdlastset":1575554366,"serviceprincipalnames":["TERMSRV/UFC-WEBPROD","TERMSRV/UFC-WebProd.us.funcorp.local","WSMAN/UFC-WebProd","WSMAN/UFC-WebProd.us.funcorp.local","RestrictedKrbHost/UFC-WEBPROD","HOST/UFC-WEBPROD","RestrictedKrbHost/UFC-WebProd.us.funcorp.local","HOST/UFC-WebProd.us.funcorp.local"],"operatingsystem":"Windows Server 2016 Standard","description":null},"Name":"UFC-WEBPROD.US.FUNCORP.LOCAL","PrimaryGroup":"DOMAIN COMPUTERS@US.FUNCORP.LOCAL","LocalAdmins":[],"RemoteDesktopUsers":[],"DcomUsers":null,"AllowedToDelegate":[],"AllowedToAct":null,"Aces":[{"PrincipalName":"DOMAIN ADMINS@US.FUNCORP.LOCAL","PrincipalType":"group","RightName":"Owner","AceType":""},{"PrincipalName":"ACCOUNT OPERATORS@US.FUNCORP.LOCAL","PrincipalType":"group","RightName":"GenericAll","AceType":""},{"PrincipalName":"DOMAIN ADMINS@US.FUNCORP.LOCAL","PrincipalType":"group","RightName":"GenericAll","AceType":""},{"PrincipalName":"ADMINISTRATORS@US.FUNCORP.LOCAL","PrincipalType":"group","RightName":"GenericWrite","AceType":""},{"PrincipalName":"ADMINISTRATORS@US.FUNCORP.LOCAL","PrincipalType":"group","RightName":"WriteDacl","AceType":""},{"PrincipalName":"ADMINISTRATORS@US.FUNCORP.LOCAL","PrincipalType":"group","RightName":"WriteOwner","AceType":""}]},{"Properties":{"haslaps":false,"objectsid":"S-1-5-21-3965405831-1015596948-2589850225-1108","highvalue":false,"domain":"US.FUNCORP.LOCAL","enabled":true,"unconstraineddelegation":false,"lastlogon":1579041461,"lastlogontimestamp":1578369708,"pwdlastset":1575553023,"serviceprincipalnames":["WSMAN/UFC-DB1","WSMAN/UFC-DB1.us.funcorp.local","TERMSRV/UFC-DB1","TERMSRV/UFC-DB1.us.funcorp.local","RestrictedKrbHost/UFC-DB1","HOST/UFC-DB1","RestrictedKrbHost/UFC-DB1.us.funcorp.local","HOST/UFC-DB1.us.funcorp.local"],"operatingsystem":"Windows Server 2016 Standard","description":null},"Name":"UFC-DB1.US.FUNCORP.LOCAL","PrimaryGroup":"DOMAIN COMPUTERS@US.FUNCORP.LOCAL","LocalAdmins":[],"RemoteDesktopUsers":[],"DcomUsers":null,"AllowedToDelegate":[],"AllowedToAct":null,"Aces":[{"PrincipalName":"DOMAIN ADMINS@US.FUNCORP.LOCAL","PrincipalType":"group","RightName":"Owner","AceType":""},{"PrincipalName":"ACCOUNT OPERATORS@US.FUNCORP.LOCAL","PrincipalType":"group","RightName":"GenericAll","AceType":""},{"PrincipalName":"DOMAIN ADMINS@US.FUNCORP.LOCAL","PrincipalType":"group","RightName":"GenericAll","AceType":""},{"PrincipalName":"ADMINISTRATORS@US.FUNCORP.LOCAL","PrincipalType":"group","RightName":"GenericWrite","AceType":""},{"PrincipalName":"ADMINISTRATORS@US.FUNCORP.LOCAL","PrincipalType":"group","RightName":"WriteDacl","AceType":""},{"PrincipalName":"ADMINISTRATORS@US.FUNCORP.LOCAL","PrincipalType":"group","RightName":"WriteOwner","AceType":""}]},{"Properties":{"haslaps":false,"objectsid":"S-1-5-21-3965405831-1015596948-2589850225-3103","highvalue":false,"domain":"US.FUNCORP.LOCAL","enabled":true,"unconstraineddelegation":false,"lastlogon":1576490108,"lastlogontimestamp":1576154653,"pwdlastset":1576154847,"serviceprincipalnames":["WSMAN/PA-User99","WSMAN/PA-User99.us.funcorp.local","TERMSRV/PA-USER99","TERMSRV/PA-User99.us.funcorp.local","RestrictedKrbHost/PA-USER99","HOST/PA-USER99","RestrictedKrbHost/PA-User99.us.funcorp.local","HOST/PA-User99.us.funcorp.local"],"operatingsystem":"Windows Server 2016 Standard","description":null},"Name":"PA-USER99.US.FUNCORP.LOCAL","PrimaryGroup":"DOMAIN COMPUTERS@US.FUNCORP.LOCAL","LocalAdmins":[],"RemoteDesktopUsers":[],"DcomUsers":null,"AllowedToDelegate":[],"AllowedToAct":null,"Aces":[{"PrincipalName":"DOMAIN ADMINS@US.FUNCORP.LOCAL","PrincipalType":"group","RightName":"Owner","AceType":""},{"PrincipalName":"ACCOUNT OPERATORS@US.FUNCORP.LOCAL","PrincipalType":"group","RightName":"GenericAll","AceType":""},{"PrincipalName":"DOMAIN ADMINS@US.FUNCORP.LOCAL","PrincipalType":"group","RightName":"GenericAll","AceType":""},{"PrincipalName":"ADMINISTRATORS@US.FUNCORP.LOCAL","PrincipalType":"group","RightName":"GenericWrite","AceType":""},{"PrincipalName":"ADMINISTRATORS@US.FUNCORP.LOCAL","PrincipalType":"group","RightName":"WriteDacl","AceType":""},{"PrincipalName":"ADMINISTRATORS@US.FUNCORP.LOCAL","PrincipalType":"group","RightName":"WriteOwner","AceType":""}]},{"Properties":{"haslaps":false,"objectsid":"S-1-5-21-3965405831-1015596948-2589850225-12602","highvalue":false,"domain":"US.FUNCORP.LOCAL","enabled":true,"unconstraineddelegation":false,"lastlogon":1572775212,"lastlogontimestamp":1571976106,"pwdlastset":1560670149,"serviceprincipalnames":["WSMAN/PA-User121.us.funcorp.local","TERMSRV/PA-User121.us.funcorp.local","RestrictedKrbHost/PA-User121.us.funcorp.local","HOST/PA-User121.us.funcorp.local","WSMAN/PA-USER121","TERMSRV/PA-USER121","RestrictedKrbHost/PA-USER121","HOST/PA-USER121"],"operatingsystem":"Windows Server 2016 Standard","description":null},"Name":"PA-USER121.US.FUNCORP.LOCAL","PrimaryGroup":"DOMAIN COMPUTERS@US.FUNCORP.LOCAL","LocalAdmins":[],"RemoteDesktopUsers":[],"DcomUsers":[],"AllowedToDelegate":[],"AllowedToAct":null,"Aces":[{"PrincipalName":"DOMAIN ADMINS@US.FUNCORP.LOCAL","PrincipalType":"group","RightName":"Owner","AceType":""},{"PrincipalName":"ACCOUNT OPERATORS@US.FUNCORP.LOCAL","PrincipalType":"group","RightName":"GenericAll","AceType":""},{"PrincipalName":"DOMAIN ADMINS@US.FUNCORP.LOCAL","PrincipalType":"group","RightName":"GenericAll","AceType":""},{"PrincipalName":"ADMINISTRATORS@US.FUNCORP.LOCAL","PrincipalType":"group","RightName":"GenericWrite","AceType":""},{"PrincipalName":"ADMINISTRATORS@US.FUNCORP.LOCAL","PrincipalType":"group","RightName":"WriteDacl","AceType":""},{"PrincipalName":"ADMINISTRATORS@US.FUNCORP.LOCAL","PrincipalType":"group","RightName":"WriteOwner","AceType":""}]},{"Properties":{"haslaps":false,"objectsid":"S-1-5-21-3965405831-1015596948-2589850225-13102","highvalue":false,"domain":"US.FUNCORP.LOCAL","enabled":true,"unconstraineddelegation":false,"lastlogon":1572775205,"lastlogontimestamp":1571976103,"pwdlastset":1563780891,"serviceprincipalnames":["WSMAN/PA-User120","WSMAN/PA-User120.us.funcorp.local","TERMSRV/PA-USER120","TERMSRV/PA-User120.us.funcorp.local","RestrictedKrbHost/PA-USER120","HOST/PA-USER120","RestrictedKrbHost/PA-User120.us.funcorp.local","HOST/PA-User120.us.funcorp.local"],"operatingsystem":"Windows Server 2016 Standard","description":null},"Name":"PA-USER120.US.FUNCORP.LOCAL","PrimaryGroup":"DOMAIN COMPUTERS@US.FUNCORP.LOCAL","LocalAdmins":[],"RemoteDesktopUsers":[],"DcomUsers":null,"AllowedToDelegate":[],"AllowedToAct":null,"Aces":[{"PrincipalName":"DOMAIN ADMINS@US.FUNCORP.LOCAL","PrincipalType":"group","RightName":"Owner","AceType":""},{"PrincipalName":"ACCOUNT OPERATORS@US.FUNCORP.LOCAL","PrincipalType":"group","RightName":"GenericAll","AceType":""},{"PrincipalName":"DOMAIN ADMINS@US.FUNCORP.LOCAL","PrincipalType":"group","RightName":"GenericAll","AceType":""},{"PrincipalName":"ADMINISTRATORS@US.FUNCORP.LOCAL","PrincipalType":"group","RightName":"GenericWrite","AceType":""},{"PrincipalName":"ADMINISTRATORS@US.FUNCORP.LOCAL","PrincipalType":"group","RightName":"WriteDacl","AceType":""},{"PrincipalName":"ADMINISTRATORS@US.FUNCORP.LOCAL","PrincipalType":"group","RightName":"WriteOwner","AceType":""}]}],"meta":{"count":18,"type":"computers"}}