﻿{"ous":[{"Properties":{"name":"DOMAIN CONTROLLERS@US.FUNCORP.LOCAL","highvalue":false,"domain":"US.FUNCORP.LOCAL","blocksinheritance":false,"description":"Default container for domain controllers"},"Guid":"20D12650-D90E-4C09-AE48-541B34075B33","ChildOus":[],"Computers":["UFC-DC1.US.FUNCORP.LOCAL"],"Users":[],"Links":[{"IsEnforced":false,"Name":"DEFAULT DOMAIN CONTROLLERS POLICY@US.FUNCORP.LOCAL"}],"Aces":null},{"Properties":{"name":"SERVERS@US.FUNCORP.LOCAL","highvalue":false,"domain":"US.FUNCORP.LOCAL","blocksinheritance":false,"description":null},"Guid":"12A1190C-E24E-4AD4-B084-92D9E47E58ED","ChildOus":[],"Computers":["UFC-APP1.US.FUNCORP.LOCAL","UFC-DB1.US.FUNCORP.LOCAL","UFC-DBPROD.US.FUNCORP.LOCAL","UFC-SQLDEV.US.FUNCORP.LOCAL","UFC-WEBPROD.US.FUNCORP.LOCAL"],"Users":[],"Links":[{"IsEnforced":false,"Name":"SERVERSPOLICY@US.FUNCORP.LOCAL"}],"Aces":null},{"Properties":{"name":"STUDENTMACHINES@US.FUNCORP.LOCAL","highvalue":false,"domain":"US.FUNCORP.LOCAL","blocksinheritance":false,"description":null},"Guid":"6F17609C-13E3-48AC-9AF5-EC93AF18791C","ChildOus":[],"Computers":["PA-ADMIN.US.FUNCORP.LOCAL","PA-USER100.US.FUNCORP.LOCAL","PA-USER101.US.FUNCORP.LOCAL","PA-USER102.US.FUNCORP.LOCAL","PA-USER103.US.FUNCORP.LOCAL","PA-USER120.US.FUNCORP.LOCAL","PA-USER121.US.FUNCORP.LOCAL","PA-USER96.US.FUNCORP.LOCAL","PA-USER97.US.FUNCORP.LOCAL","PA-USER98.US.FUNCORP.LOCAL","PA-USER99.US.FUNCORP.LOCAL"],"Users":[],"Links":[{"IsEnforced":false,"Name":"STUDENTMACHINESPOLICY@US.FUNCORP.LOCAL"}],"Aces":null},{"Properties":{"name":"APPLOCKED@US.FUNCORP.LOCAL","highvalue":false,"domain":"US.FUNCORP.LOCAL","blocksinheritance":false,"description":null},"Guid":"99E5E32D-2F78-48C5-8430-DD4A15F5C272","ChildOus":[],"Computers":["UFC-JUMPSRV.US.FUNCORP.LOCAL"],"Users":[],"Links":[{"IsEnforced":false,"Name":"APPLOCKED@US.FUNCORP.LOCAL"}],"Aces":null},{"Properties":{"name":"ACTIVEUSERS@US.FUNCORP.LOCAL","highvalue":false,"domain":"US.FUNCORP.LOCAL","blocksinheritance":false,"description":null},"Guid":"6EE45B8D-0564-4277-B455-2C59FFDB1652","ChildOus":["23945556-CB8D-42F6-A911-C517C9576DC7"],"Computers":[],"Users":[],"Links":null,"Aces":null},{"Properties":{"name":"US@US.FUNCORP.LOCAL","highvalue":false,"domain":"US.FUNCORP.LOCAL","blocksinheritance":false,"description":null},"Guid":"23945556-CB8D-42F6-A911-C517C9576DC7","ChildOus":[],"Computers":[],"Users":["POER1983@US.FUNCORP.LOCAL","ABIALL@US.FUNCORP.LOCAL","ANFOOD@US.FUNCORP.LOCAL","AFFEENTOGY@US.FUNCORP.LOCAL","TESS1978@US.FUNCORP.LOCAL","BRIST1988@US.FUNCORP.LOCAL","PRATATURRY@US.FUNCORP.LOCAL","BLAN1973@US.FUNCORP.LOCAL","ROADVINE@US.FUNCORP.LOCAL","BAGINERT@US.FUNCORP.LOCAL","INIAND@US.FUNCORP.LOCAL","CONST1987@US.FUNCORP.LOCAL","THAVETIND@US.FUNCORP.LOCAL","OBELF1977@US.FUNCORP.LOCAL","UNDON1990@US.FUNCORP.LOCAL","OFFEACY@US.FUNCORP.LOCAL","OUROOR@US.FUNCORP.LOCAL","ELLOW1974@US.FUNCORP.LOCAL","SULITERTY@US.FUNCORP.LOCAL","BARDE1986@US.FUNCORP.LOCAL","HAREPLITY@US.FUNCORP.LOCAL","UPASYLAT@US.FUNCORP.LOCAL","WAREIR@US.FUNCORP.LOCAL","TIND1978@US.FUNCORP.LOCAL","THATIA@US.FUNCORP.LOCAL","LACTUR1990@US.FUNCORP.LOCAL","ACES1975@US.FUNCORP.LOCAL","ADLYINIT@US.FUNCORP.LOCAL","WASSENT@US.FUNCORP.LOCAL","EXPRIES@US.FUNCORP.LOCAL","NOULD1991@US.FUNCORP.LOCAL","PREGGLY@US.FUNCORP.LOCAL","THERROYS@US.FUNCORP.LOCAL","PERL1995@US.FUNCORP.LOCAL","MUCHAVE93@US.FUNCORP.LOCAL","WINESTED1989@US.FUNCORP.LOCAL","UNCERCED@US.FUNCORP.LOCAL","CLOVED85@US.FUNCORP.LOCAL","LIFFECCAND@US.FUNCORP.LOCAL","ORMS1973@US.FUNCORP.LOCAL","ANGUAREANY@US.FUNCORP.LOCAL","GANT1983@US.FUNCORP.LOCAL","WINITER@US.FUNCORP.LOCAL","FORESCON89@US.FUNCORP.LOCAL","LOULTATINK@US.FUNCORP.LOCAL","EASS1984@US.FUNCORP.LOCAL","EXUBSE@US.FUNCORP.LOCAL","HICHARACH@US.FUNCORP.LOCAL","SATHECT@US.FUNCORP.LOCAL","THEYERS@US.FUNCORP.LOCAL","THISEATCHAT@US.FUNCORP.LOCAL","ANOM1984@US.FUNCORP.LOCAL","FREMETCHE1990@US.FUNCORP.LOCAL","SCOLLWAS@US.FUNCORP.LOCAL","MINVE1997@US.FUNCORP.LOCAL","LOWENT1987@US.FUNCORP.LOCAL","DISAWN@US.FUNCORP.LOCAL","OCLOOLIKESE@US.FUNCORP.LOCAL","VABRAIN@US.FUNCORP.LOCAL","NOTINTS@US.FUNCORP.LOCAL","GINGAID@US.FUNCORP.LOCAL","BUTEMORD1981@US.FUNCORP.LOCAL","LANDID@US.FUNCORP.LOCAL","CANOTHED@US.FUNCORP.LOCAL","NOTEN1987@US.FUNCORP.LOCAL","AGEND1997@US.FUNCORP.LOCAL","TROMSENTED@US.FUNCORP.LOCAL","SONALF@US.FUNCORP.LOCAL","NAROMANCLES@US.FUNCORP.LOCAL","LODIR1975@US.FUNCORP.LOCAL","NESSELL@US.FUNCORP.LOCAL","DINGDOWAS@US.FUNCORP.LOCAL","THEABLE@US.FUNCORP.LOCAL","ENTALTO@US.FUNCORP.LOCAL","DIFENDED90@US.FUNCORP.LOCAL","MINVE1974@US.FUNCORP.LOCAL","ANOWN1983@US.FUNCORP.LOCAL","THINTICH@US.FUNCORP.LOCAL","LOUNTO@US.FUNCORP.LOCAL","CUPONG@US.FUNCORP.LOCAL","CONWHOD1993@US.FUNCORP.LOCAL","SUDDEAS86@US.FUNCORP.LOCAL","MADINEM@US.FUNCORP.LOCAL","FUNT1974@US.FUNCORP.LOCAL","THEYETTEPT@US.FUNCORP.LOCAL","WEIRCHE@US.FUNCORP.LOCAL","THATIM@US.FUNCORP.LOCAL","LITHAPABLOUT@US.FUNCORP.LOCAL","QUAECTE@US.FUNCORP.LOCAL","RERED1985@US.FUNCORP.LOCAL","MELEAT@US.FUNCORP.LOCAL","APDRIS@US.FUNCORP.LOCAL","CUMBEFTED@US.FUNCORP.LOCAL","ADDREN@US.FUNCORP.LOCAL","WHOUGHO@US.FUNCORP.LOCAL","THROFFES97@US.FUNCORP.LOCAL","REBUTTE@US.FUNCORP.LOCAL","TUES1991@US.FUNCORP.LOCAL","LARALSON@US.FUNCORP.LOCAL","WINGER@US.FUNCORP.LOCAL","THATEADTHE@US.FUNCORP.LOCAL","STITTAIR@US.FUNCORP.LOCAL","ONEDIN@US.FUNCORP.LOCAL","HALLY1981@US.FUNCORP.LOCAL","SHOULT@US.FUNCORP.LOCAL","PLITH1979@US.FUNCORP.LOCAL","SAGELL77@US.FUNCORP.LOCAL","HAPANKE1982@US.FUNCORP.LOCAL","SWITTED@US.FUNCORP.LOCAL","ANCESSIOND@US.FUNCORP.LOCAL","MOMEMENCE@US.FUNCORP.LOCAL","SAGOONGER@US.FUNCORP.LOCAL","OPLI1972@US.FUNCORP.LOCAL","WARYIN@US.FUNCORP.LOCAL","WHOT1998@US.FUNCORP.LOCAL","DOMED1981@US.FUNCORP.LOCAL","GROPEN@US.FUNCORP.LOCAL","GIVILED@US.FUNCORP.LOCAL","WAYSTAL@US.FUNCORP.LOCAL","ANCENUM@US.FUNCORP.LOCAL","COLAND@US.FUNCORP.LOCAL","PROVER@US.FUNCORP.LOCAL","BROUGHTNED@US.FUNCORP.LOCAL","PRABILE77@US.FUNCORP.LOCAL","PAPED1976@US.FUNCORP.LOCAL","GRECENIVE@US.FUNCORP.LOCAL","GUESSE1990@US.FUNCORP.LOCAL","OVENTOPEREED@US.FUNCORP.LOCAL","OBLE1989@US.FUNCORP.LOCAL","EPAID1984@US.FUNCORP.LOCAL","PRIGNOCED@US.FUNCORP.LOCAL","USIONSWUT@US.FUNCORP.LOCAL","FORTAINGE@US.FUNCORP.LOCAL","GUNFOOP@US.FUNCORP.LOCAL","WASSITTE@US.FUNCORP.LOCAL","RUITAL79@US.FUNCORP.LOCAL","SHORCE1974@US.FUNCORP.LOCAL","ABACHIS89@US.FUNCORP.LOCAL","WHOLDS@US.FUNCORP.LOCAL","FORES1996@US.FUNCORP.LOCAL","FIRASTR@US.FUNCORP.LOCAL","THERYING@US.FUNCORP.LOCAL","ALTOBJEWS@US.FUNCORP.LOCAL","THARME@US.FUNCORP.LOCAL","FLAUL1988@US.FUNCORP.LOCAL","WHIROSED@US.FUNCORP.LOCAL","HIMMENTING@US.FUNCORP.LOCAL","UNFOR1979@US.FUNCORP.LOCAL","STAGEN@US.FUNCORP.LOCAL","OPTLED@US.FUNCORP.LOCAL","THENALL@US.FUNCORP.LOCAL","ALLECOMEAD1994@US.FUNCORP.LOCAL","FROAND@US.FUNCORP.LOCAL","ACKIND1995@US.FUNCORP.LOCAL","GRET1994@US.FUNCORP.LOCAL","FORESCON@US.FUNCORP.LOCAL","THATERS1979@US.FUNCORP.LOCAL","BOBSOME@US.FUNCORP.LOCAL","HIGUESS@US.FUNCORP.LOCAL","BUNTIND@US.FUNCORP.LOCAL","WIFER1981@US.FUNCORP.LOCAL","MORTHERAT@US.FUNCORP.LOCAL","EITHEWLITER@US.FUNCORP.LOCAL","HERSOMEAD@US.FUNCORP.LOCAL","PLAS1974@US.FUNCORP.LOCAL","INGDON@US.FUNCORP.LOCAL","CAMAIN@US.FUNCORP.LOCAL","DEVERSERE1996@US.FUNCORP.LOCAL","HATRY1981@US.FUNCORP.LOCAL","WORTALLY@US.FUNCORP.LOCAL","HAIDED@US.FUNCORP.LOCAL","TRUIN1997@US.FUNCORP.LOCAL","PRONS1991@US.FUNCORP.LOCAL","EXPEARL@US.FUNCORP.LOCAL","PRINACES@US.FUNCORP.LOCAL","UPLY1980@US.FUNCORP.LOCAL","ISCE1992@US.FUNCORP.LOCAL","WHOLVE@US.FUNCORP.LOCAL","WHIMIGH77@US.FUNCORP.LOCAL","LIKENDOOKED@US.FUNCORP.LOCAL","UPLIVE@US.FUNCORP.LOCAL","BRIL1985@US.FUNCORP.LOCAL","TIAT1984@US.FUNCORP.LOCAL","HASULD@US.FUNCORP.LOCAL","THOUBJESIDE@US.FUNCORP.LOCAL","KIANIES@US.FUNCORP.LOCAL","CAMBLE@US.FUNCORP.LOCAL","VORY1997@US.FUNCORP.LOCAL","YOUNDECTED@US.FUNCORP.LOCAL","STOULT@US.FUNCORP.LOCAL","SCAT1980@US.FUNCORP.LOCAL","WANEXPECK89@US.FUNCORP.LOCAL","SPERIDER1990@US.FUNCORP.LOCAL","TREARED@US.FUNCORP.LOCAL","FASS1983@US.FUNCORP.LOCAL","THEACTED@US.FUNCORP.LOCAL","FACCUR@US.FUNCORP.LOCAL","ANDEREM@US.FUNCORP.LOCAL","RABLECT@US.FUNCORP.LOCAL","FLOAD1983@US.FUNCORP.LOCAL","BLAT1983@US.FUNCORP.LOCAL","THAVAIDED@US.FUNCORP.LOCAL","LACCAND@US.FUNCORP.LOCAL","THENOW@US.FUNCORP.LOCAL","STELF1979@US.FUNCORP.LOCAL","DICHATITHAT1977@US.FUNCORP.LOCAL","FEWIND@US.FUNCORP.LOCAL","KNEET1992@US.FUNCORP.LOCAL","WHIMAREM1976@US.FUNCORP.LOCAL","DIESPITHE@US.FUNCORP.LOCAL","ALIME1986@US.FUNCORP.LOCAL","CANCH1973@US.FUNCORP.LOCAL","PARANG@US.FUNCORP.LOCAL","KNOTED@US.FUNCORP.LOCAL","THERINUENG@US.FUNCORP.LOCAL","PORANG@US.FUNCORP.LOCAL","OFORMETAKE@US.FUNCORP.LOCAL","PUSTING80@US.FUNCORP.LOCAL","MIRS1991@US.FUNCORP.LOCAL","WARAD1983@US.FUNCORP.LOCAL","THROFEW1977@US.FUNCORP.LOCAL","BOBSOMETCH@US.FUNCORP.LOCAL","HIMMEST@US.FUNCORP.LOCAL","FORTAKED@US.FUNCORP.LOCAL","THENTRY@US.FUNCORP.LOCAL","FOREPLAND76@US.FUNCORP.LOCAL","QUITED@US.FUNCORP.LOCAL","HALIQUE@US.FUNCORP.LOCAL","IMENSID@US.FUNCORP.LOCAL","AGOORGURNOTE@US.FUNCORP.LOCAL","ITTERECT87@US.FUNCORP.LOCAL","DIESTILL@US.FUNCORP.LOCAL","TICTAK@US.FUNCORP.LOCAL","GLANT1997@US.FUNCORP.LOCAL","AUGH1997@US.FUNCORP.LOCAL","PLEBADVE92@US.FUNCORP.LOCAL","SHAVINICAUT@US.FUNCORP.LOCAL","HAVISTRIES1995@US.FUNCORP.LOCAL","SESPOR@US.FUNCORP.LOCAL","RATTIND@US.FUNCORP.LOCAL","OICIEFFIVE@US.FUNCORP.LOCAL","INCIPS@US.FUNCORP.LOCAL","BEEMED@US.FUNCORP.LOCAL","TRUS1984@US.FUNCORP.LOCAL","HONT1987@US.FUNCORP.LOCAL","ANCEEND1995@US.FUNCORP.LOCAL","SURIONOTELY@US.FUNCORP.LOCAL","BECOULY@US.FUNCORP.LOCAL","PROMED@US.FUNCORP.LOCAL","FECT1989@US.FUNCORP.LOCAL","BLAMOT@US.FUNCORP.LOCAL","RETENEVE@US.FUNCORP.LOCAL","SOLDIDED@US.FUNCORP.LOCAL","KNOTHAT@US.FUNCORP.LOCAL","FUGH1985@US.FUNCORP.LOCAL","HICHADER@US.FUNCORP.LOCAL","VERSELY@US.FUNCORP.LOCAL","ANTERIOND@US.FUNCORP.LOCAL","CANCH1983@US.FUNCORP.LOCAL","GLOOMBRESS@US.FUNCORP.LOCAL","RECOGNOT@US.FUNCORP.LOCAL","UPOUGHT77@US.FUNCORP.LOCAL","TIONS1975@US.FUNCORP.LOCAL","STERIS@US.FUNCORP.LOCAL","THEWS1992@US.FUNCORP.LOCAL","ENUENATED@US.FUNCORP.LOCAL","FOURE1987@US.FUNCORP.LOCAL","SOMMESTAKE1982@US.FUNCORP.LOCAL","DOOMPLAST@US.FUNCORP.LOCAL","IDENTS@US.FUNCORP.LOCAL","PITTIEN@US.FUNCORP.LOCAL","GRIBLADEEN@US.FUNCORP.LOCAL","POOT1992@US.FUNCORP.LOCAL","PROMESE@US.FUNCORP.LOCAL","KINGANDULD86@US.FUNCORP.LOCAL","YOUCENT1975@US.FUNCORP.LOCAL","SENIGHT@US.FUNCORP.LOCAL","HADONSE@US.FUNCORP.LOCAL","THISPEAS@US.FUNCORP.LOCAL","CABLECONY@US.FUNCORP.LOCAL","MAREGME@US.FUNCORP.LOCAL","COUN1984@US.FUNCORP.LOCAL","OLOVE1982@US.FUNCORP.LOCAL","RECIERE1989@US.FUNCORP.LOCAL","DARY1991@US.FUNCORP.LOCAL","DOWS1994@US.FUNCORP.LOCAL","ABLEAS1983@US.FUNCORP.LOCAL","EFFAT1999@US.FUNCORP.LOCAL","SUBTE1983@US.FUNCORP.LOCAL","ABONE1982@US.FUNCORP.LOCAL","FAMES1998@US.FUNCORP.LOCAL","OCKENSHIS@US.FUNCORP.LOCAL","DERS1978@US.FUNCORP.LOCAL","INSPER1974@US.FUNCORP.LOCAL","FACK1993@US.FUNCORP.LOCAL","HEISET@US.FUNCORP.LOCAL","UNFINAMESS@US.FUNCORP.LOCAL","SAWELISTME@US.FUNCORP.LOCAL","RIVE1979@US.FUNCORP.LOCAL","DINFOR@US.FUNCORP.LOCAL","FROVERS@US.FUNCORP.LOCAL","ANOTS1991@US.FUNCORP.LOCAL","WENS1994@US.FUNCORP.LOCAL","PLARRIVING@US.FUNCORP.LOCAL","HADEENCTURS95@US.FUNCORP.LOCAL","GLAN1983@US.FUNCORP.LOCAL","BEIRS1976@US.FUNCORP.LOCAL","EFOR1972@US.FUNCORP.LOCAL","WHINDING@US.FUNCORP.LOCAL","ALAYEAKER@US.FUNCORP.LOCAL","WASSILLEYERT1990@US.FUNCORP.LOCAL","HAWN1976@US.FUNCORP.LOCAL","DOURAY@US.FUNCORP.LOCAL","SYLL1986@US.FUNCORP.LOCAL","ELICTED@US.FUNCORP.LOCAL","CREAVE90@US.FUNCORP.LOCAL","WITAN1983@US.FUNCORP.LOCAL","TRANT1986@US.FUNCORP.LOCAL","HATIFICH@US.FUNCORP.LOCAL","MUSBAD@US.FUNCORP.LOCAL","VADVAPEGUL@US.FUNCORP.LOCAL","PREAL1997@US.FUNCORP.LOCAL","SUBJECOULD@US.FUNCORP.LOCAL","EVERSAY@US.FUNCORP.LOCAL","VENG1973@US.FUNCORP.LOCAL","REPHROM@US.FUNCORP.LOCAL","FRETTY@US.FUNCORP.LOCAL","THEW1994@US.FUNCORP.LOCAL","YOUN1996@US.FUNCORP.LOCAL","LIGAIDAID@US.FUNCORP.LOCAL","DOND1979@US.FUNCORP.LOCAL","PREAS1984@US.FUNCORP.LOCAL","PRESELLE@US.FUNCORP.LOCAL","FASSESCARDE@US.FUNCORP.LOCAL","DESE1989@US.FUNCORP.LOCAL","NALOCT1990@US.FUNCORP.LOCAL","THARLY@US.FUNCORP.LOCAL","MATHEREARD@US.FUNCORP.LOCAL","BUFFYING@US.FUNCORP.LOCAL","NATCHOUGHE@US.FUNCORP.LOCAL","WITHEAT@US.FUNCORP.LOCAL","SOMILLOW@US.FUNCORP.LOCAL","HIMUSINCE@US.FUNCORP.LOCAL","SLIPHE@US.FUNCORP.LOCAL","LIFYING@US.FUNCORP.LOCAL","RESTROULNER@US.FUNCORP.LOCAL","THERESURSTE@US.FUNCORP.LOCAL","WITILDROSEN@US.FUNCORP.LOCAL","WROSIXER@US.FUNCORP.LOCAL","DUCTED92@US.FUNCORP.LOCAL","HIMILAND@US.FUNCORP.LOCAL","ANDREPHY@US.FUNCORP.LOCAL","BETHERAINE@US.FUNCORP.LOCAL","DAMMAND@US.FUNCORP.LOCAL","HARTUR@US.FUNCORP.LOCAL","THOSED@US.FUNCORP.LOCAL","LIZES1980@US.FUNCORP.LOCAL","NOSINDEN@US.FUNCORP.LOCAL","WERTS1986@US.FUNCORP.LOCAL","HICIS1973@US.FUNCORP.LOCAL","WITERVER@US.FUNCORP.LOCAL","THRIASSELF@US.FUNCORP.LOCAL","HAVIS1981@US.FUNCORP.LOCAL","FAINGTH@US.FUNCORP.LOCAL","GUILE1976@US.FUNCORP.LOCAL","LITER1972@US.FUNCORP.LOCAL","BEGAID@US.FUNCORP.LOCAL","HADDLY@US.FUNCORP.LOCAL","CAPPEREEN95@US.FUNCORP.LOCAL","LEGRATTLYZED87@US.FUNCORP.LOCAL","SMUSBUTY@US.FUNCORP.LOCAL","SPITIFT@US.FUNCORP.LOCAL","FIEFEENG@US.FUNCORP.LOCAL","ATIONVIN@US.FUNCORP.LOCAL","TROFTER@US.FUNCORP.LOCAL","INCION1979@US.FUNCORP.LOCAL","ENSLY1984@US.FUNCORP.LOCAL","INGLAST@US.FUNCORP.LOCAL","HIMENED@US.FUNCORP.LOCAL","JOINCES89@US.FUNCORP.LOCAL","DROUNTINT@US.FUNCORP.LOCAL","MITTILEN@US.FUNCORP.LOCAL","LOOR1991@US.FUNCORP.LOCAL","UPOLDIFFED@US.FUNCORP.LOCAL","DETHE1989@US.FUNCORP.LOCAL","THOON1973@US.FUNCORP.LOCAL","THEREJORTY@US.FUNCORP.LOCAL","HOSTURNELF@US.FUNCORP.LOCAL","FICEIVE@US.FUNCORP.LOCAL","BEFFSPINGET@US.FUNCORP.LOCAL","ALIND1976@US.FUNCORP.LOCAL","DINACKER@US.FUNCORP.LOCAL","ANGTHE@US.FUNCORP.LOCAL","WRELY1993@US.FUNCORP.LOCAL","HAREPOSTO@US.FUNCORP.LOCAL","THEREVIZED@US.FUNCORP.LOCAL","SUCHANG@US.FUNCORP.LOCAL","YEATCHEED1985@US.FUNCORP.LOCAL","AFTEPTELLE@US.FUNCORP.LOCAL","SCOUND@US.FUNCORP.LOCAL","GRENOWN@US.FUNCORP.LOCAL","BENTARAST@US.FUNCORP.LOCAL","OCCOMMANT@US.FUNCORP.LOCAL","SUNIGHT@US.FUNCORP.LOCAL","DUALAR@US.FUNCORP.LOCAL","INITY1992@US.FUNCORP.LOCAL","WERCUSITTOON78@US.FUNCORP.LOCAL","AGPITAIDETHE@US.FUNCORP.LOCAL","PRODY1976@US.FUNCORP.LOCAL","DURETTE@US.FUNCORP.LOCAL","OLUMEN73@US.FUNCORP.LOCAL","FORTARYTO93@US.FUNCORP.LOCAL","SABOR1988@US.FUNCORP.LOCAL","PURSEE@US.FUNCORP.LOCAL","WHORNED@US.FUNCORP.LOCAL","BINIEN@US.FUNCORP.LOCAL","REGALD@US.FUNCORP.LOCAL","THERHATIM@US.FUNCORP.LOCAL","LEMAND1998@US.FUNCORP.LOCAL","WHICKEENET1974@US.FUNCORP.LOCAL","COLON1997@US.FUNCORP.LOCAL","THERMSE1993@US.FUNCORP.LOCAL","WOURETHE1986@US.FUNCORP.LOCAL","SAFTESSITHE84@US.FUNCORP.LOCAL","HISPEN@US.FUNCORP.LOCAL","HICHO1997@US.FUNCORP.LOCAL","ANCENTAND@US.FUNCORP.LOCAL","RIVED1984@US.FUNCORP.LOCAL","WOMAGRANART@US.FUNCORP.LOCAL","SCAT1973@US.FUNCORP.LOCAL","COUNDTOWNED@US.FUNCORP.LOCAL","REVE1981@US.FUNCORP.LOCAL","LAIR1997@US.FUNCORP.LOCAL","ONST1997@US.FUNCORP.LOCAL","COULDAYSE@US.FUNCORP.LOCAL","WHOUSEE@US.FUNCORP.LOCAL","WILBEEND@US.FUNCORP.LOCAL","WHAPER@US.FUNCORP.LOCAL","WASION1989@US.FUNCORP.LOCAL","HADITY@US.FUNCORP.LOCAL","BEFIND@US.FUNCORP.LOCAL","ONELY1997@US.FUNCORP.LOCAL","ROLDATT@US.FUNCORP.LOCAL","NOTHEITY@US.FUNCORP.LOCAL","TAMED1986@US.FUNCORP.LOCAL","CAPPEARN1988@US.FUNCORP.LOCAL","THEMIGHE@US.FUNCORP.LOCAL","EARDE1985@US.FUNCORP.LOCAL","HOODMINE90@US.FUNCORP.LOCAL","SERSO1977@US.FUNCORP.LOCAL","ENTLE1980@US.FUNCORP.LOCAL","BEEPIREED@US.FUNCORP.LOCAL","SUBLIVE@US.FUNCORP.LOCAL","WHOSECTER78@US.FUNCORP.LOCAL","SHOLEAKE@US.FUNCORP.LOCAL","LACTED@US.FUNCORP.LOCAL","THERNAT@US.FUNCORP.LOCAL","OPPOND@US.FUNCORP.LOCAL","PATERCER@US.FUNCORP.LOCAL","FORUT1985@US.FUNCORP.LOCAL","EXPINED@US.FUNCORP.LOCAL","FACATTE@US.FUNCORP.LOCAL","PRIMUCH@US.FUNCORP.LOCAL","EVELVE@US.FUNCORP.LOCAL","TIENARD@US.FUNCORP.LOCAL","MARPOE@US.FUNCORP.LOCAL","BACREATHE@US.FUNCORP.LOCAL","LEOPULL@US.FUNCORP.LOCAL","WHERST@US.FUNCORP.LOCAL","TURK1981@US.FUNCORP.LOCAL","WITHERY@US.FUNCORP.LOCAL","QUEED1984@US.FUNCORP.LOCAL","HALWAS@US.FUNCORP.LOCAL","MOVELL@US.FUNCORP.LOCAL","TINTE1996@US.FUNCORP.LOCAL","MISAID@US.FUNCORP.LOCAL","TWOUBLEFF@US.FUNCORP.LOCAL","EPAREQUIR@US.FUNCORP.LOCAL","PROVEY@US.FUNCORP.LOCAL","MULON1979@US.FUNCORP.LOCAL","VISCRUEND@US.FUNCORP.LOCAL","LACKY1995@US.FUNCORP.LOCAL","VAREAT@US.FUNCORP.LOCAL","THATTED@US.FUNCORP.LOCAL","WHORT1992@US.FUNCORP.LOCAL","FORTAL@US.FUNCORP.LOCAL","ANDITHERS@US.FUNCORP.LOCAL","COORMS79@US.FUNCORP.LOCAL","THOPITY@US.FUNCORP.LOCAL","ABLIGAVERINS@US.FUNCORP.LOCAL","GODDER@US.FUNCORP.LOCAL","MENBEELY94@US.FUNCORP.LOCAL","GONVIR@US.FUNCORP.LOCAL","HERIVERCH@US.FUNCORP.LOCAL","DREPTUR@US.FUNCORP.LOCAL","SCRETWERT@US.FUNCORP.LOCAL","THEIRED@US.FUNCORP.LOCAL","MINAT1972@US.FUNCORP.LOCAL","WIMEN1997@US.FUNCORP.LOCAL","JOINCTE@US.FUNCORP.LOCAL","PEFTERE@US.FUNCORP.LOCAL","WASCOND@US.FUNCORP.LOCAL","SHEYES@US.FUNCORP.LOCAL","WHALS1976@US.FUNCORP.LOCAL","FREACE@US.FUNCORP.LOCAL","INGINGE@US.FUNCORP.LOCAL","SURPON@US.FUNCORP.LOCAL","EVERED@US.FUNCORP.LOCAL","BOYAWER1975@US.FUNCORP.LOCAL","THEMPLING@US.FUNCORP.LOCAL","OURIGHTER@US.FUNCORP.LOCAL","FLUT1979@US.FUNCORP.LOCAL","THEREQUE73@US.FUNCORP.LOCAL","NOREMORKES1972@US.FUNCORP.LOCAL","MARTRUST@US.FUNCORP.LOCAL","EQUILL@US.FUNCORP.LOCAL","DERVIVE@US.FUNCORP.LOCAL","GERSE1993@US.FUNCORP.LOCAL","SORN1978@US.FUNCORP.LOCAL","PASUCH@US.FUNCORP.LOCAL","WILYINGELD@US.FUNCORP.LOCAL","CUSE1993@US.FUNCORP.LOCAL","WHOURNANY@US.FUNCORP.LOCAL","HOSTE1986@US.FUNCORP.LOCAL","SEEPINCE@US.FUNCORP.LOCAL","FLOT1990@US.FUNCORP.LOCAL","REFEARINTLY@US.FUNCORP.LOCAL","GOOGED@US.FUNCORP.LOCAL","PONSIN@US.FUNCORP.LOCAL","WAREAT@US.FUNCORP.LOCAL","RISFOLD1973@US.FUNCORP.LOCAL","HORGE1995@US.FUNCORP.LOCAL","BOBJECTION@US.FUNCORP.LOCAL","DERSER@US.FUNCORP.LOCAL","FAILLY1980@US.FUNCORP.LOCAL","ARDIS1992@US.FUNCORP.LOCAL","CAPLAS89@US.FUNCORP.LOCAL","FICHN1984@US.FUNCORP.LOCAL","LETLY1973@US.FUNCORP.LOCAL","SENOU1987@US.FUNCORP.LOCAL","THEYIND@US.FUNCORP.LOCAL","SHABLIGNE82@US.FUNCORP.LOCAL","CAMA1972@US.FUNCORP.LOCAL","THELINK@US.FUNCORP.LOCAL","BOULEAREIRE@US.FUNCORP.LOCAL","NOWASIVEM@US.FUNCORP.LOCAL","THAPPLAD@US.FUNCORP.LOCAL","WAYEAT@US.FUNCORP.LOCAL","LATIREEIGHT@US.FUNCORP.LOCAL","DENTREJECOME@US.FUNCORP.LOCAL","HAVERIVE@US.FUNCORP.LOCAL","LINGTHE@US.FUNCORP.LOCAL","CONIFICE@US.FUNCORP.LOCAL","AVING1981@US.FUNCORP.LOCAL","WOMS1974@US.FUNCORP.LOCAL","GOLLOND83@US.FUNCORP.LOCAL","LILECOMMAN@US.FUNCORP.LOCAL","WOMILORGE86@US.FUNCORP.LOCAL","CHAD1975@US.FUNCORP.LOCAL","AWAS1977@US.FUNCORP.LOCAL","THERESSUARD@US.FUNCORP.LOCAL","SUPPONED@US.FUNCORP.LOCAL","NAGAIDE@US.FUNCORP.LOCAL","MANDERY@US.FUNCORP.LOCAL","THISMITY@US.FUNCORP.LOCAL","AFTESSEST@US.FUNCORP.LOCAL","PRIONSPROULD@US.FUNCORP.LOCAL","PRAS1983@US.FUNCORP.LOCAL","UPOPY1996@US.FUNCORP.LOCAL","SEEL1996@US.FUNCORP.LOCAL","WOULT1991@US.FUNCORP.LOCAL","GEOPTANTS@US.FUNCORP.LOCAL","NEAS1979@US.FUNCORP.LOCAL","AFFEL1980@US.FUNCORP.LOCAL","THEIVEIN1994@US.FUNCORP.LOCAL","WATINTS@US.FUNCORP.LOCAL","MUTECT88@US.FUNCORP.LOCAL","LEAVED@US.FUNCORP.LOCAL","SPERIHAT@US.FUNCORP.LOCAL","TINFEE@US.FUNCORP.LOCAL","SPITIED@US.FUNCORP.LOCAL","FENII1985@US.FUNCORP.LOCAL","WITHNSWO@US.FUNCORP.LOCAL","THOSEE@US.FUNCORP.LOCAL","EATINKE@US.FUNCORP.LOCAL","WILILL@US.FUNCORP.LOCAL","OULAINGS@US.FUNCORP.LOCAL","FRIVE1979@US.FUNCORP.LOCAL","COUNARET@US.FUNCORP.LOCAL","BOYAWER76@US.FUNCORP.LOCAL","DERES1993@US.FUNCORP.LOCAL","DIDEENTELE@US.FUNCORP.LOCAL","WITEROMER@US.FUNCORP.LOCAL","FEST1977@US.FUNCORP.LOCAL","SITHERAD@US.FUNCORP.LOCAL","UNDON1988@US.FUNCORP.LOCAL","WENCTIM@US.FUNCORP.LOCAL","THYS1998@US.FUNCORP.LOCAL","MOROLD73@US.FUNCORP.LOCAL","TARDWILIS89@US.FUNCORP.LOCAL","YOURPRED@US.FUNCORP.LOCAL","ANTUR1987@US.FUNCORP.LOCAL","LANOLD1973@US.FUNCORP.LOCAL","THEINS1972@US.FUNCORP.LOCAL","HOUGHLE@US.FUNCORP.LOCAL","SHAVY1974@US.FUNCORP.LOCAL","ARDINER@US.FUNCORP.LOCAL","BEFORAVY@US.FUNCORP.LOCAL","GOILK1980@US.FUNCORP.LOCAL","AIND1988@US.FUNCORP.LOCAL","COCESTRABLE@US.FUNCORP.LOCAL","HUSTEND1988@US.FUNCORP.LOCAL","FATICT@US.FUNCORP.LOCAL","SHOURESSUNT@US.FUNCORP.LOCAL","FECKY1976@US.FUNCORP.LOCAL","INATHIND@US.FUNCORP.LOCAL","JONE1994@US.FUNCORP.LOCAL","YOURING@US.FUNCORP.LOCAL","MUCCONOTHAVE@US.FUNCORP.LOCAL","MAZED1977@US.FUNCORP.LOCAL","DAREE1979@US.FUNCORP.LOCAL","AROMIDED88@US.FUNCORP.LOCAL","RICULD@US.FUNCORP.LOCAL","TROAR1974@US.FUNCORP.LOCAL","FRICASECLAND@US.FUNCORP.LOCAL","SAYINS@US.FUNCORP.LOCAL","WHOEM1984@US.FUNCORP.LOCAL","FORMEM@US.FUNCORP.LOCAL","SHICHAL1997@US.FUNCORP.LOCAL","PROLIFECE91@US.FUNCORP.LOCAL","HOMMENG@US.FUNCORP.LOCAL","REEPRIS@US.FUNCORP.LOCAL","EXCUL1993@US.FUNCORP.LOCAL","SCOU1995@US.FUNCORP.LOCAL","ROBJESSION90@US.FUNCORP.LOCAL","FROMERY@US.FUNCORP.LOCAL","VENTING@US.FUNCORP.LOCAL","SEROT1984@US.FUNCORP.LOCAL","UNLIAND@US.FUNCORP.LOCAL","THISMILLOND97@US.FUNCORP.LOCAL","HADERGOORM@US.FUNCORP.LOCAL","ARESTAND@US.FUNCORP.LOCAL","UPPONG@US.FUNCORP.LOCAL","DENTELF@US.FUNCORP.LOCAL","PINHOULD93@US.FUNCORP.LOCAL","NEVEN1988@US.FUNCORP.LOCAL","LOWENT@US.FUNCORP.LOCAL","DOUNT1993@US.FUNCORP.LOCAL","ITHAD1978@US.FUNCORP.LOCAL","MOUSED@US.FUNCORP.LOCAL","FLIATICH@US.FUNCORP.LOCAL","WAYEARTY@US.FUNCORP.LOCAL","THADES@US.FUNCORP.LOCAL","MADID1987@US.FUNCORP.LOCAL","BEFTELF@US.FUNCORP.LOCAL","VIRSEXPON@US.FUNCORP.LOCAL","ANNOTHIMIS@US.FUNCORP.LOCAL","EXCLOR@US.FUNCORP.LOCAL","WERALAUSE@US.FUNCORP.LOCAL","PRITUR@US.FUNCORP.LOCAL","SATIM1996@US.FUNCORP.LOCAL","ECAUT1974@US.FUNCORP.LOCAL","ARIMAND@US.FUNCORP.LOCAL","CLOULD@US.FUNCORP.LOCAL","WIRCIANG85@US.FUNCORP.LOCAL","WHENTELY@US.FUNCORP.LOCAL","OVERS1974@US.FUNCORP.LOCAL","MOSTOPERLY@US.FUNCORP.LOCAL","BABONG1997@US.FUNCORP.LOCAL","OVIVE1995@US.FUNCORP.LOCAL","FAREHE@US.FUNCORP.LOCAL","CACE1982@US.FUNCORP.LOCAL","EXPEOREAL@US.FUNCORP.LOCAL","HICITHER@US.FUNCORP.LOCAL","FORGOIN1993@US.FUNCORP.LOCAL","YOUGHTEN1999@US.FUNCORP.LOCAL","DIDE1996@US.FUNCORP.LOCAL","THICLON1990@US.FUNCORP.LOCAL","THATME@US.FUNCORP.LOCAL","FAIDS1993@US.FUNCORP.LOCAL","WHADMINVABOT@US.FUNCORP.LOCAL","THENTORCIP@US.FUNCORP.LOCAL","FAID1992@US.FUNCORP.LOCAL","ANINGE@US.FUNCORP.LOCAL","WORGEN@US.FUNCORP.LOCAL","ANZY1972@US.FUNCORP.LOCAL","AGENS1973@US.FUNCORP.LOCAL","FROWLEALL@US.FUNCORP.LOCAL","ANDSCALOPEN1994@US.FUNCORP.LOCAL","YOURRON82@US.FUNCORP.LOCAL","GOINGE@US.FUNCORP.LOCAL","ALOWND@US.FUNCORP.LOCAL","REAME1990@US.FUNCORP.LOCAL","AGRE1999@US.FUNCORP.LOCAL","CURID1987@US.FUNCORP.LOCAL","PICLEABLIT@US.FUNCORP.LOCAL","FULTAL@US.FUNCORP.LOCAL","MINTWOUBITY@US.FUNCORP.LOCAL","WASLUDY@US.FUNCORP.LOCAL","PHROVIS@US.FUNCORP.LOCAL","FATURIS@US.FUNCORP.LOCAL","BETING@US.FUNCORP.LOCAL","WIDEF1981@US.FUNCORP.LOCAL","GUED1984@US.FUNCORP.LOCAL","SERTHE@US.FUNCORP.LOCAL","LONTAGEMAN@US.FUNCORP.LOCAL","NARNOWN1987@US.FUNCORP.LOCAL","ANDOES78@US.FUNCORP.LOCAL","KINGANDULD@US.FUNCORP.LOCAL","SEENTONG@US.FUNCORP.LOCAL","COMPLEM@US.FUNCORP.LOCAL","COPS1994@US.FUNCORP.LOCAL","UPONECTIM89@US.FUNCORP.LOCAL","FORTSMAPER@US.FUNCORP.LOCAL","THEIGHTERE@US.FUNCORP.LOCAL","HATEARNE79@US.FUNCORP.LOCAL","WITO1985@US.FUNCORP.LOCAL","SHORCE@US.FUNCORP.LOCAL","TOOKENTS@US.FUNCORP.LOCAL","FLOT1982@US.FUNCORP.LOCAL","HADD1984@US.FUNCORP.LOCAL","YESS1996@US.FUNCORP.LOCAL","DEERSOMIDED@US.FUNCORP.LOCAL","CONTOPEAS@US.FUNCORP.LOCAL","PULITHEY91@US.FUNCORP.LOCAL","FLEARSTANDLE@US.FUNCORP.LOCAL","MRSED1984@US.FUNCORP.LOCAL","BETTERAMER@US.FUNCORP.LOCAL","WEREAD77@US.FUNCORP.LOCAL","NOUNKILTHE@US.FUNCORP.LOCAL","TROUGHT@US.FUNCORP.LOCAL","ANDUED@US.FUNCORP.LOCAL","TEPLONGUES1974@US.FUNCORP.LOCAL","FABER1996@US.FUNCORP.LOCAL","CONSY1974@US.FUNCORP.LOCAL","ARROTHEADY@US.FUNCORP.LOCAL","DRIER1985@US.FUNCORP.LOCAL","POCK1994@US.FUNCORP.LOCAL","DEABINDER@US.FUNCORP.LOCAL","VICKE1973@US.FUNCORP.LOCAL","ECAUT1976@US.FUNCORP.LOCAL","GRANTIES@US.FUNCORP.LOCAL","GEDS1995@US.FUNCORP.LOCAL","GELY1983@US.FUNCORP.LOCAL","STEME1989@US.FUNCORP.LOCAL","PARBITT@US.FUNCORP.LOCAL","ENTAND@US.FUNCORP.LOCAL","BETWES1980@US.FUNCORP.LOCAL","ABSETILEY@US.FUNCORP.LOCAL","THOLD1998@US.FUNCORP.LOCAL","LING1987@US.FUNCORP.LOCAL","INCERIVERS@US.FUNCORP.LOCAL","FONESTO97@US.FUNCORP.LOCAL","AGAING@US.FUNCORP.LOCAL","MYTHROMENT@US.FUNCORP.LOCAL","PROOME@US.FUNCORP.LOCAL","MEAS1978@US.FUNCORP.LOCAL","PARIST@US.FUNCORP.LOCAL","BIRSTED@US.FUNCORP.LOCAL","INDICH@US.FUNCORP.LOCAL","HIMIR1976@US.FUNCORP.LOCAL","PROOMA1982@US.FUNCORP.LOCAL","KINES1982@US.FUNCORP.LOCAL","EASKING@US.FUNCORP.LOCAL","THRIGHTS@US.FUNCORP.LOCAL","MATEDIRE@US.FUNCORP.LOCAL","PRIETRY@US.FUNCORP.LOCAL","ARTHE1974@US.FUNCORP.LOCAL","HAUDEARE1985@US.FUNCORP.LOCAL","BEEPOSENT@US.FUNCORP.LOCAL","MUCEND@US.FUNCORP.LOCAL","SOPERYPEAR@US.FUNCORP.LOCAL","RINUING1993@US.FUNCORP.LOCAL","MONCED@US.FUNCORP.LOCAL","DIAND1975@US.FUNCORP.LOCAL","BEETTLEFOR@US.FUNCORP.LOCAL","UPITS1978@US.FUNCORP.LOCAL","REAUT1978@US.FUNCORP.LOCAL","GUAT1974@US.FUNCORP.LOCAL","SHIS1998@US.FUNCORP.LOCAL","EXPAL1980@US.FUNCORP.LOCAL","RESSRSAIBUY@US.FUNCORP.LOCAL","LODIR1996@US.FUNCORP.LOCAL","COUTIONIZIES88@US.FUNCORP.LOCAL","BROUCH1991@US.FUNCORP.LOCAL","TOSIBLE@US.FUNCORP.LOCAL","REENAMEN@US.FUNCORP.LOCAL","VIONEET@US.FUNCORP.LOCAL","THUMBLY@US.FUNCORP.LOCAL","THURY1984@US.FUNCORP.LOCAL","CHER1997@US.FUNCORP.LOCAL","SEBTAT@US.FUNCORP.LOCAL","TUND1998@US.FUNCORP.LOCAL","TROAR1983@US.FUNCORP.LOCAL","FICUL1991@US.FUNCORP.LOCAL","ONEUSTRED1989@US.FUNCORP.LOCAL","TREQUIEVERY@US.FUNCORP.LOCAL","WHITY1982@US.FUNCORP.LOCAL","NERE1996@US.FUNCORP.LOCAL","CORSOME1984@US.FUNCORP.LOCAL","HARDESING@US.FUNCORP.LOCAL","COVEST77@US.FUNCORP.LOCAL","NOURN1993@US.FUNCORP.LOCAL","SYLL1996@US.FUNCORP.LOCAL","OVENTS@US.FUNCORP.LOCAL","HOWELY1990@US.FUNCORP.LOCAL","WHITED@US.FUNCORP.LOCAL","HANTS1973@US.FUNCORP.LOCAL","TONEVE1972@US.FUNCORP.LOCAL","CHISS1972@US.FUNCORP.LOCAL","DREAK1975@US.FUNCORP.LOCAL","DINESS@US.FUNCORP.LOCAL","PRIKED@US.FUNCORP.LOCAL","ABINCED@US.FUNCORP.LOCAL","TEXPLASS@US.FUNCORP.LOCAL","TOGAND75@US.FUNCORP.LOCAL","ONDOOD@US.FUNCORP.LOCAL","HISCITIFTED@US.FUNCORP.LOCAL","FULT1989@US.FUNCORP.LOCAL","WHOAS1999@US.FUNCORP.LOCAL","THEREF@US.FUNCORP.LOCAL","THERMISED@US.FUNCORP.LOCAL","COMMAYFULAND@US.FUNCORP.LOCAL","LADVIZED@US.FUNCORP.LOCAL","HERSE1979@US.FUNCORP.LOCAL","MAGED1990@US.FUNCORP.LOCAL","WASKEPTER@US.FUNCORP.LOCAL","LITEMAT@US.FUNCORP.LOCAL","VINAL1974@US.FUNCORP.LOCAL","LOORTAMBEL@US.FUNCORP.LOCAL","WITTENTRY92@US.FUNCORP.LOCAL","HANDOW@US.FUNCORP.LOCAL","EITY1995@US.FUNCORP.LOCAL","FOREARIES1973@US.FUNCORP.LOCAL","BACULD@US.FUNCORP.LOCAL","BOULTH@US.FUNCORP.LOCAL","SUBLIVE1973@US.FUNCORP.LOCAL","MAGNING@US.FUNCORP.LOCAL","TABOURE79@US.FUNCORP.LOCAL","WITIONG1972@US.FUNCORP.LOCAL","YOUNFELF1991@US.FUNCORP.LOCAL","SEDGED@US.FUNCORP.LOCAL","ORGE1973@US.FUNCORP.LOCAL","CUMENEAMORD89@US.FUNCORP.LOCAL","MOSTRUCH@US.FUNCORP.LOCAL","ESIFER@US.FUNCORP.LOCAL","PROTHER@US.FUNCORP.LOCAL","WAVEMAYED@US.FUNCORP.LOCAL","ITHIS1996@US.FUNCORP.LOCAL","YESECTOOD@US.FUNCORP.LOCAL","LETRIS@US.FUNCORP.LOCAL","FOURE1984@US.FUNCORP.LOCAL","LIVENTINTLES@US.FUNCORP.LOCAL","REELL1981@US.FUNCORP.LOCAL","NOURN1973@US.FUNCORP.LOCAL","WHOUTER@US.FUNCORP.LOCAL","AFFIRE1989@US.FUNCORP.LOCAL","HINEED@US.FUNCORP.LOCAL","INCENT@US.FUNCORP.LOCAL","HASSAID@US.FUNCORP.LOCAL","FRISTRUITHER78@US.FUNCORP.LOCAL","EVICHAD@US.FUNCORP.LOCAL","MADDRAY@US.FUNCORP.LOCAL","RIESS1974@US.FUNCORP.LOCAL","BUBTROGE@US.FUNCORP.LOCAL","THERBUT@US.FUNCORP.LOCAL","ANCEND@US.FUNCORP.LOCAL","BLAIDESELLY@US.FUNCORP.LOCAL","ANCTION@US.FUNCORP.LOCAL","YEBERE@US.FUNCORP.LOCAL","THEIM1974@US.FUNCORP.LOCAL","WITAIT@US.FUNCORP.LOCAL","WITTANDELING@US.FUNCORP.LOCAL","DIATER@US.FUNCORP.LOCAL","HAVENALWAS@US.FUNCORP.LOCAL","CLUDDY@US.FUNCORP.LOCAL","MORGEST@US.FUNCORP.LOCAL","COVELLE@US.FUNCORP.LOCAL","EDWOU1980@US.FUNCORP.LOCAL","TRYS1981@US.FUNCORP.LOCAL","YOUSBAGED96@US.FUNCORP.LOCAL","EVIA1976@US.FUNCORP.LOCAL","THIONUS@US.FUNCORP.LOCAL","WORENCE@US.FUNCORP.LOCAL","THERK1998@US.FUNCORP.LOCAL","GREENTRION@US.FUNCORP.LOCAL","QUIND1973@US.FUNCORP.LOCAL","BLUDDRE@US.FUNCORP.LOCAL","OLVERY@US.FUNCORP.LOCAL","BERDED@US.FUNCORP.LOCAL","LARDBOY@US.FUNCORP.LOCAL","MOSTICEN96@US.FUNCORP.LOCAL","SHMEACK@US.FUNCORP.LOCAL","STRAT1972@US.FUNCORP.LOCAL","ANDUCE@US.FUNCORP.LOCAL","EASER1982@US.FUNCORP.LOCAL","FROWEED1983@US.FUNCORP.LOCAL","MOOMED1996@US.FUNCORP.LOCAL","THISTALRE@US.FUNCORP.LOCAL","THISMILLOND@US.FUNCORP.LOCAL","BEFORNING@US.FUNCORP.LOCAL","RABANOWERE@US.FUNCORP.LOCAL","SCAME1988@US.FUNCORP.LOCAL","SHEK1981@US.FUNCORP.LOCAL","EXCUL1978@US.FUNCORP.LOCAL","HOUS1979@US.FUNCORP.LOCAL","TIONGE@US.FUNCORP.LOCAL","FOOPHY@US.FUNCORP.LOCAL","ALISOME@US.FUNCORP.LOCAL","OVEASS@US.FUNCORP.LOCAL","SCUIDUT@US.FUNCORP.LOCAL","CARABLATHE@US.FUNCORP.LOCAL","AMENAP@US.FUNCORP.LOCAL","WHOAS1978@US.FUNCORP.LOCAL","HOUST1996@US.FUNCORP.LOCAL","DOODER@US.FUNCORP.LOCAL","EVIR1981@US.FUNCORP.LOCAL","UNNEVILLE@US.FUNCORP.LOCAL","QUISM1977@US.FUNCORP.LOCAL","SETICIVERE@US.FUNCORP.LOCAL","MENTLY1990@US.FUNCORP.LOCAL","WEARAGES@US.FUNCORP.LOCAL","BRALOW@US.FUNCORP.LOCAL","SOMING@US.FUNCORP.LOCAL","ANCH1994@US.FUNCORP.LOCAL","THERYIEWER@US.FUNCORP.LOCAL","NUST1992@US.FUNCORP.LOCAL","WIFOR1993@US.FUNCORP.LOCAL","THIPPID@US.FUNCORP.LOCAL","WITIFY@US.FUNCORP.LOCAL","PLIKED@US.FUNCORP.LOCAL","FAMOOSELLY1997@US.FUNCORP.LOCAL","LAYSE1986@US.FUNCORP.LOCAL","BRISHEMED@US.FUNCORP.LOCAL","STERS1981@US.FUNCORP.LOCAL","ANDISTIVE1979@US.FUNCORP.LOCAL","JUDIS1990@US.FUNCORP.LOCAL","HEADEN@US.FUNCORP.LOCAL","PLEFTED1988@US.FUNCORP.LOCAL","HATTIONE1989@US.FUNCORP.LOCAL","LOFFINDS1993@US.FUNCORP.LOCAL","TAKINEY@US.FUNCORP.LOCAL","AMOREPEAD@US.FUNCORP.LOCAL","HITHAT@US.FUNCORP.LOCAL","MOURCY1973@US.FUNCORP.LOCAL","HOMYSE@US.FUNCORP.LOCAL","ABNALSID@US.FUNCORP.LOCAL","BEELL1998@US.FUNCORP.LOCAL","ANDISHO@US.FUNCORP.LOCAL","DUCT1981@US.FUNCORP.LOCAL","WHIMES@US.FUNCORP.LOCAL","OUTHIGH@US.FUNCORP.LOCAL","INGENTERSED@US.FUNCORP.LOCAL","BUTID1986@US.FUNCORP.LOCAL","PERCIATED@US.FUNCORP.LOCAL","BUTENSE@US.FUNCORP.LOCAL","PRILDER@US.FUNCORP.LOCAL","BEARILE@US.FUNCORP.LOCAL","TRUES1978@US.FUNCORP.LOCAL","BIGHT1988@US.FUNCORP.LOCAL","LAREMAS@US.FUNCORP.LOCAL","LEARED@US.FUNCORP.LOCAL","AMITHE@US.FUNCORP.LOCAL","THATIONEATH@US.FUNCORP.LOCAL","WHASSIOUSTAY74@US.FUNCORP.LOCAL","MOUNTRADY@US.FUNCORP.LOCAL","STIVERED@US.FUNCORP.LOCAL","BOUTHAD@US.FUNCORP.LOCAL","MOMALL1992@US.FUNCORP.LOCAL","WASTIONG@US.FUNCORP.LOCAL","HATHAND@US.FUNCORP.LOCAL","CRICHOWN@US.FUNCORP.LOCAL","NOBBING@US.FUNCORP.LOCAL","STRALF@US.FUNCORP.LOCAL","HINEEN@US.FUNCORP.LOCAL","OCCE1984@US.FUNCORP.LOCAL","FESED1979@US.FUNCORP.LOCAL","LOFIRESSAMED@US.FUNCORP.LOCAL","INGLED1978@US.FUNCORP.LOCAL","BESPOORMSED@US.FUNCORP.LOCAL","TILLE1994@US.FUNCORP.LOCAL","GIREAD@US.FUNCORP.LOCAL","STOORN@US.FUNCORP.LOCAL","WRIVER@US.FUNCORP.LOCAL","BOADY1973@US.FUNCORP.LOCAL","LECRID@US.FUNCORP.LOCAL","VORNME@US.FUNCORP.LOCAL","HICAPPEED83@US.FUNCORP.LOCAL","PLAM1974@US.FUNCORP.LOCAL","FROPLITHE@US.FUNCORP.LOCAL","ANDOOKS@US.FUNCORP.LOCAL","MONDE1973@US.FUNCORP.LOCAL","SOOREAVER@US.FUNCORP.LOCAL","THEARLE@US.FUNCORP.LOCAL","COULTE1976@US.FUNCORP.LOCAL","FROMP1991@US.FUNCORP.LOCAL","THEMPERN1982@US.FUNCORP.LOCAL","HUSAD1973@US.FUNCORP.LOCAL","KINESEN@US.FUNCORP.LOCAL","EFOLOTERVIS@US.FUNCORP.LOCAL","DOEMANDOIL@US.FUNCORP.LOCAL","HIMER1984@US.FUNCORP.LOCAL","PUNOT1975@US.FUNCORP.LOCAL","FIGN1973@US.FUNCORP.LOCAL","ALLERY77@US.FUNCORP.LOCAL","OUNDICIAT73@US.FUNCORP.LOCAL","SIRAINCLONT@US.FUNCORP.LOCAL","NOCIALMAK87@US.FUNCORP.LOCAL","LACTOLD@US.FUNCORP.LOCAL","FITERED@US.FUNCORP.LOCAL","ARULD1991@US.FUNCORP.LOCAL","GREP1991@US.FUNCORP.LOCAL","MOREARY@US.FUNCORP.LOCAL","SOLEM1995@US.FUNCORP.LOCAL","MUSIVAN@US.FUNCORP.LOCAL","DIECAUT76@US.FUNCORP.LOCAL","WILORY@US.FUNCORP.LOCAL","ANOU1986@US.FUNCORP.LOCAL","ARGER1981@US.FUNCORP.LOCAL","PLEEN1985@US.FUNCORP.LOCAL","BROVER@US.FUNCORP.LOCAL","SOOGNINY@US.FUNCORP.LOCAL","ENDIND@US.FUNCORP.LOCAL","GROR1974@US.FUNCORP.LOCAL","INCESCRE79@US.FUNCORP.LOCAL","VOILLYIED@US.FUNCORP.LOCAL","THOUGHTY@US.FUNCORP.LOCAL","NOCE1996@US.FUNCORP.LOCAL","GOOMECTS@US.FUNCORP.LOCAL","HARSECY77@US.FUNCORP.LOCAL","ALIEDIDS@US.FUNCORP.LOCAL","TINGETTERE@US.FUNCORP.LOCAL","TATED1997@US.FUNCORP.LOCAL","PERSAY94@US.FUNCORP.LOCAL","HICAPPEED1989@US.FUNCORP.LOCAL","PREPHRED@US.FUNCORP.LOCAL","HISPINUE@US.FUNCORP.LOCAL","UPOSYLEAS1998@US.FUNCORP.LOCAL","FIRELSOM@US.FUNCORP.LOCAL","INCT1995@US.FUNCORP.LOCAL","NINGDOM@US.FUNCORP.LOCAL","LOULD1984@US.FUNCORP.LOCAL","GERSE1981@US.FUNCORP.LOCAL","HOEL1980@US.FUNCORP.LOCAL","HOULDLAT1972@US.FUNCORP.LOCAL","SPOND1990@US.FUNCORP.LOCAL","WILVER1992@US.FUNCORP.LOCAL","CAMPANISTO@US.FUNCORP.LOCAL","MOUTICA96@US.FUNCORP.LOCAL","NETUR1999@US.FUNCORP.LOCAL","SUFFEW@US.FUNCORP.LOCAL","NORNED@US.FUNCORP.LOCAL","THERVILL@US.FUNCORP.LOCAL","CLOUS1975@US.FUNCORP.LOCAL","BEFORNES@US.FUNCORP.LOCAL","HISTREARRET@US.FUNCORP.LOCAL","DEBAFROULD@US.FUNCORP.LOCAL","FICHS1980@US.FUNCORP.LOCAL","NEIR1986@US.FUNCORP.LOCAL","FICAMOK@US.FUNCORP.LOCAL","TWOUN1984@US.FUNCORP.LOCAL","THRESUALL@US.FUNCORP.LOCAL","QUEN1993@US.FUNCORP.LOCAL","HATERNE1973@US.FUNCORP.LOCAL","THERBANSTOOK@US.FUNCORP.LOCAL","ALICINTE@US.FUNCORP.LOCAL","BREMANDES@US.FUNCORP.LOCAL","TRITOPPHAND1977@US.FUNCORP.LOCAL","SOMPLET@US.FUNCORP.LOCAL","AHMAND1984@US.FUNCORP.LOCAL","BROUBTRALL1990@US.FUNCORP.LOCAL","DEPLAS@US.FUNCORP.LOCAL","UPOLL1975@US.FUNCORP.LOCAL","OCCRED@US.FUNCORP.LOCAL","ANKLESTIES@US.FUNCORP.LOCAL","RAMPLAS1972@US.FUNCORP.LOCAL","QUALT1993@US.FUNCORP.LOCAL","BERE1974@US.FUNCORP.LOCAL","FREARD@US.FUNCORP.LOCAL","AWAR1972@US.FUNCORP.LOCAL","HARINCE1975@US.FUNCORP.LOCAL","STERS1973@US.FUNCORP.LOCAL","ONOW1986@US.FUNCORP.LOCAL","MAYSINGER1974@US.FUNCORP.LOCAL","ACERS1975@US.FUNCORP.LOCAL","HALIGHT@US.FUNCORP.LOCAL","GEONSELY@US.FUNCORP.LOCAL","NOTHEARMS@US.FUNCORP.LOCAL","CANTION@US.FUNCORP.LOCAL","BEFICKEELP97@US.FUNCORP.LOCAL","DERNE1985@US.FUNCORP.LOCAL","THATHE@US.FUNCORP.LOCAL","NICHAT1975@US.FUNCORP.LOCAL","ROPOSTELF@US.FUNCORP.LOCAL","SULNE1989@US.FUNCORP.LOCAL","PLEAUS@US.FUNCORP.LOCAL","THANDS@US.FUNCORP.LOCAL","ARIEND@US.FUNCORP.LOCAL","FORESSEY1984@US.FUNCORP.LOCAL","HIER1999@US.FUNCORP.LOCAL","MAKINED@US.FUNCORP.LOCAL","SULNED@US.FUNCORP.LOCAL","ROUR1985@US.FUNCORP.LOCAL","ENCED1997@US.FUNCORP.LOCAL","OUREPTS@US.FUNCORP.LOCAL","ASED1986@US.FUNCORP.LOCAL","MOTTEPLAY@US.FUNCORP.LOCAL","YOUNIFEN94@US.FUNCORP.LOCAL","PLATUDD@US.FUNCORP.LOCAL","ABLEM1988@US.FUNCORP.LOCAL","OUDGE1974@US.FUNCORP.LOCAL","DREBEGUING@US.FUNCORP.LOCAL","ROMEN1992@US.FUNCORP.LOCAL","TALOCKS@US.FUNCORP.LOCAL","DENTED74@US.FUNCORP.LOCAL","ONAT1997@US.FUNCORP.LOCAL","IMSESS@US.FUNCORP.LOCAL","PERNIHISTSTO@US.FUNCORP.LOCAL","SOUGHEMAIR@US.FUNCORP.LOCAL","OURTHE@US.FUNCORP.LOCAL","FITTE1984@US.FUNCORP.LOCAL","ROON1993@US.FUNCORP.LOCAL","SAMENDE81@US.FUNCORP.LOCAL","CARGER@US.FUNCORP.LOCAL","CAPSERY@US.FUNCORP.LOCAL","SUPOSTAN@US.FUNCORP.LOCAL","TINESS99@US.FUNCORP.LOCAL","CRINS1989@US.FUNCORP.LOCAL","PLATHE@US.FUNCORP.LOCAL","FEATIMUCH@US.FUNCORP.LOCAL","THOONIONS@US.FUNCORP.LOCAL","NESOMPLEFORE@US.FUNCORP.LOCAL","EXAMEN@US.FUNCORP.LOCAL","ANDRESCROVE@US.FUNCORP.LOCAL","ALLOB1995@US.FUNCORP.LOCAL","DRAS1975@US.FUNCORP.LOCAL","SIENEAT@US.FUNCORP.LOCAL","RUST1988@US.FUNCORP.LOCAL","CHAVER@US.FUNCORP.LOCAL","FIASS1981@US.FUNCORP.LOCAL","TONEW1974@US.FUNCORP.LOCAL","VITHEMBITY@US.FUNCORP.LOCAL","DAMERS@US.FUNCORP.LOCAL","ALTING83@US.FUNCORP.LOCAL","MAYSES@US.FUNCORP.LOCAL","THELL1973@US.FUNCORP.LOCAL","HISRE1985@US.FUNCORP.LOCAL","COUN1983@US.FUNCORP.LOCAL","GOICANCH@US.FUNCORP.LOCAL","WAISENLY@US.FUNCORP.LOCAL","GORWAST@US.FUNCORP.LOCAL","VOYMBER@US.FUNCORP.LOCAL","PREADDLY87@US.FUNCORP.LOCAL","COREPHREARM@US.FUNCORP.LOCAL","DREME1975@US.FUNCORP.LOCAL","BABOURE@US.FUNCORP.LOCAL","WIFFLIFE@US.FUNCORP.LOCAL","PITIONS@US.FUNCORP.LOCAL","HINS1989@US.FUNCORP.LOCAL","COULTLE@US.FUNCORP.LOCAL","FUSTRUT72@US.FUNCORP.LOCAL","PROCCE1997@US.FUNCORP.LOCAL","REAUNGED@US.FUNCORP.LOCAL","HAFFIGIR@US.FUNCORP.LOCAL","HINDAT@US.FUNCORP.LOCAL","SATURS@US.FUNCORP.LOCAL","CAUDICHISS@US.FUNCORP.LOCAL","MEAGETIONAME@US.FUNCORP.LOCAL","ANTOUCH@US.FUNCORP.LOCAL","INCRULTOGY@US.FUNCORP.LOCAL","HIMME1988@US.FUNCORP.LOCAL","LINQUIS98@US.FUNCORP.LOCAL","THERSOM@US.FUNCORP.LOCAL","AGAINE1988@US.FUNCORP.LOCAL","THICILEARES@US.FUNCORP.LOCAL","HINTY1973@US.FUNCORP.LOCAL","FOOR1974@US.FUNCORP.LOCAL","ONEN1974@US.FUNCORP.LOCAL","SHAVESSINED1998@US.FUNCORP.LOCAL","BABSIZARLY@US.FUNCORP.LOCAL","WITTRE@US.FUNCORP.LOCAL","FROUNG@US.FUNCORP.LOCAL","EFULD1984@US.FUNCORP.LOCAL","PARCH1983@US.FUNCORP.LOCAL","THESHERPH@US.FUNCORP.LOCAL","FORGON@US.FUNCORP.LOCAL","PORTALIME@US.FUNCORP.LOCAL","ITTH1983@US.FUNCORP.LOCAL","STAGAIND1997@US.FUNCORP.LOCAL","KNELLF85@US.FUNCORP.LOCAL","REATECT@US.FUNCORP.LOCAL","HIVERCED@US.FUNCORP.LOCAL","HISITENT@US.FUNCORP.LOCAL","YOULD1975@US.FUNCORP.LOCAL","ANDREAS1984@US.FUNCORP.LOCAL","COUST1988@US.FUNCORP.LOCAL","MASPHEY@US.FUNCORP.LOCAL","HANCY1986@US.FUNCORP.LOCAL","SAMELVER@US.FUNCORP.LOCAL","EXPERKEE@US.FUNCORP.LOCAL","NURSUCHER@US.FUNCORP.LOCAL","MATURNES91@US.FUNCORP.LOCAL","SOLERHO@US.FUNCORP.LOCAL","OBLEAS@US.FUNCORP.LOCAL","QUAN1974@US.FUNCORP.LOCAL","DEGGENCE@US.FUNCORP.LOCAL","ARMARE@US.FUNCORP.LOCAL","RESSES1977@US.FUNCORP.LOCAL","ENSIONY90@US.FUNCORP.LOCAL","JAME1982@US.FUNCORP.LOCAL","CAUSHE1973@US.FUNCORP.LOCAL","CIONTERT@US.FUNCORP.LOCAL","UPOS1974@US.FUNCORP.LOCAL","SULTY1982@US.FUNCORP.LOCAL","PERAWELTAKE@US.FUNCORP.LOCAL","LOSTACTUNCE@US.FUNCORP.LOCAL","SUIRLY@US.FUNCORP.LOCAL","PAINGERACE@US.FUNCORP.LOCAL","HAIND1980@US.FUNCORP.LOCAL","INSEATIFEE@US.FUNCORP.LOCAL","JUSBACK@US.FUNCORP.LOCAL","OUTTE1992@US.FUNCORP.LOCAL","STAIRDLE@US.FUNCORP.LOCAL","HIECAND@US.FUNCORP.LOCAL","REFLONCH@US.FUNCORP.LOCAL","SURNMETTE@US.FUNCORP.LOCAL","TANDY1988@US.FUNCORP.LOCAL","INFLAING@US.FUNCORP.LOCAL","GREAD1980@US.FUNCORP.LOCAL","THICATE@US.FUNCORP.LOCAL","SOLOW1979@US.FUNCORP.LOCAL","PARIN1988@US.FUNCORP.LOCAL","SUAID1982@US.FUNCORP.LOCAL","FORELY1983@US.FUNCORP.LOCAL","ABLANG1994@US.FUNCORP.LOCAL","SPIR1978@US.FUNCORP.LOCAL","MICH1990@US.FUNCORP.LOCAL","WARROT@US.FUNCORP.LOCAL","TRETIND@US.FUNCORP.LOCAL","TINS1980@US.FUNCORP.LOCAL","HOMPAREECT@US.FUNCORP.LOCAL","THOUTHE74@US.FUNCORP.LOCAL","HULSTORES@US.FUNCORP.LOCAL","SELIESTIONCE@US.FUNCORP.LOCAL","GAVY1974@US.FUNCORP.LOCAL","EITY1979@US.FUNCORP.LOCAL","HINTE1983@US.FUNCORP.LOCAL","DISMITHEY@US.FUNCORP.LOCAL","SAINTH@US.FUNCORP.LOCAL","RESTANDLY@US.FUNCORP.LOCAL","EACT1972@US.FUNCORP.LOCAL","WRIVE1995@US.FUNCORP.LOCAL","MOUNCE@US.FUNCORP.LOCAL","TURNINAING@US.FUNCORP.LOCAL","NOUR1992@US.FUNCORP.LOCAL","CRYPEDGED@US.FUNCORP.LOCAL","CONSED@US.FUNCORP.LOCAL","TAKINTIOUS@US.FUNCORP.LOCAL","SAPER1982@US.FUNCORP.LOCAL","COLUMPONCE@US.FUNCORP.LOCAL","WHEINT@US.FUNCORP.LOCAL","CALIM1988@US.FUNCORP.LOCAL","BEIGN1976@US.FUNCORP.LOCAL","HENTITIVINGE91@US.FUNCORP.LOCAL","UPOTHE1975@US.FUNCORP.LOCAL","HARIZZY@US.FUNCORP.LOCAL","HATENJUS@US.FUNCORP.LOCAL","CARRAIS1989@US.FUNCORP.LOCAL","REPTANY@US.FUNCORP.LOCAL","VENCOME@US.FUNCORP.LOCAL","MATIMPROD1984@US.FUNCORP.LOCAL","ANSIONATTER@US.FUNCORP.LOCAL","INEDER@US.FUNCORP.LOCAL","WHARD1991@US.FUNCORP.LOCAL","HERITHEN@US.FUNCORP.LOCAL","GINSTIONIFF@US.FUNCORP.LOCAL","UNDED1982@US.FUNCORP.LOCAL","CONTOPEAS1980@US.FUNCORP.LOCAL","COULTE@US.FUNCORP.LOCAL","SUPOER@US.FUNCORP.LOCAL","ASOM1990@US.FUNCORP.LOCAL","CYRICIONSIEN@US.FUNCORP.LOCAL","DEPUD1976@US.FUNCORP.LOCAL","TYRDEED@US.FUNCORP.LOCAL","BOUREACK@US.FUNCORP.LOCAL","WRINKE@US.FUNCORP.LOCAL","GEOPPINCE@US.FUNCORP.LOCAL","ADVER1995@US.FUNCORP.LOCAL","PRINACES1979@US.FUNCORP.LOCAL","UNCER1975@US.FUNCORP.LOCAL","PRIXED@US.FUNCORP.LOCAL","GULD1974@US.FUNCORP.LOCAL","BANSTAL@US.FUNCORP.LOCAL","MOTIONVE@US.FUNCORP.LOCAL","FORINEY1998@US.FUNCORP.LOCAL","LIFEE1981@US.FUNCORP.LOCAL","MORRIS@US.FUNCORP.LOCAL","ANDEPING@US.FUNCORP.LOCAL","TOLDS1995@US.FUNCORP.LOCAL","MARMING@US.FUNCORP.LOCAL","MINGAT@US.FUNCORP.LOCAL","HIMEB1975@US.FUNCORP.LOCAL","MAREN1990@US.FUNCORP.LOCAL","BLITH1997@US.FUNCORP.LOCAL","NOTHAD@US.FUNCORP.LOCAL","RANDIALL@US.FUNCORP.LOCAL","SALIGHT@US.FUNCORP.LOCAL","POSPIND@US.FUNCORP.LOCAL","HOWLE1985@US.FUNCORP.LOCAL","SOURAWASPEN@US.FUNCORP.LOCAL","FORMLEE1992@US.FUNCORP.LOCAL","EVINGTHE93@US.FUNCORP.LOCAL","JOYESSED@US.FUNCORP.LOCAL","HISIDEST@US.FUNCORP.LOCAL","WHENTROME@US.FUNCORP.LOCAL","FAMENIG@US.FUNCORP.LOCAL","LEMAND@US.FUNCORP.LOCAL","WENTLY@US.FUNCORP.LOCAL","EUMBSEEN@US.FUNCORP.LOCAL","FICES1988@US.FUNCORP.LOCAL","COUNCONECT@US.FUNCORP.LOCAL","ONTER1978@US.FUNCORP.LOCAL","TIGNARK@US.FUNCORP.LOCAL","THELARM@US.FUNCORP.LOCAL","THATULIGH@US.FUNCORP.LOCAL","NATIED@US.FUNCORP.LOCAL","NAMONSIVER@US.FUNCORP.LOCAL","SHIMILL@US.FUNCORP.LOCAL","EXCELLIESTO@US.FUNCORP.LOCAL","RAIRY1985@US.FUNCORP.LOCAL","PHROPER1991@US.FUNCORP.LOCAL","FORTAND@US.FUNCORP.LOCAL","STOLD1989@US.FUNCORP.LOCAL","THATOONSE@US.FUNCORP.LOCAL","THERSTREWHER@US.FUNCORP.LOCAL","SWUZZY89@US.FUNCORP.LOCAL","APECIED@US.FUNCORP.LOCAL","HAVENTERS@US.FUNCORP.LOCAL","SUPPINFOOD1972@US.FUNCORP.LOCAL","PATISSE@US.FUNCORP.LOCAL","ADDIS1996@US.FUNCORP.LOCAL","EFFOR1982@US.FUNCORP.LOCAL","DISTION@US.FUNCORP.LOCAL","BEGAZY@US.FUNCORP.LOCAL","GELLY1972@US.FUNCORP.LOCAL","EYETTLE98@US.FUNCORP.LOCAL","THAVESTOON@US.FUNCORP.LOCAL","UPWAY1980@US.FUNCORP.LOCAL","THATERS@US.FUNCORP.LOCAL","STRED1997@US.FUNCORP.LOCAL","ONNITHASHE@US.FUNCORP.LOCAL","CÃ¦SAY@US.FUNCORP.LOCAL","ORNISE@US.FUNCORP.LOCAL","ALON1990@US.FUNCORP.LOCAL","VENG1978@US.FUNCORP.LOCAL","YOUSCINFECTO@US.FUNCORP.LOCAL","WITHASKE@US.FUNCORP.LOCAL","SEXPROUND@US.FUNCORP.LOCAL","ARCUMMEN@US.FUNCORP.LOCAL","ACCUND@US.FUNCORP.LOCAL","CAUNIN@US.FUNCORP.LOCAL","ENALLAND@US.FUNCORP.LOCAL","MAYEREN1986@US.FUNCORP.LOCAL","SKINE1982@US.FUNCORP.LOCAL","CANCELL@US.FUNCORP.LOCAL","GLOOLD@US.FUNCORP.LOCAL","POSELVER75@US.FUNCORP.LOCAL","RILL1974@US.FUNCORP.LOCAL","WASYMPER1982@US.FUNCORP.LOCAL","WITEROMER1985@US.FUNCORP.LOCAL","DIDDLEGITY1982@US.FUNCORP.LOCAL","COLER1997@US.FUNCORP.LOCAL","ONST1980@US.FUNCORP.LOCAL","UNTERVACE@US.FUNCORP.LOCAL","THASCE@US.FUNCORP.LOCAL","SHEIVE93@US.FUNCORP.LOCAL","SOMENCT@US.FUNCORP.LOCAL","BIGOD1975@US.FUNCORP.LOCAL","TROSS1990@US.FUNCORP.LOCAL","BEELTY@US.FUNCORP.LOCAL","PERAINGS@US.FUNCORP.LOCAL","CAMOOKEEAS82@US.FUNCORP.LOCAL","SUDDLY@US.FUNCORP.LOCAL","ALMLY1995@US.FUNCORP.LOCAL","SAMEARSE@US.FUNCORP.LOCAL","LEORATTE@US.FUNCORP.LOCAL","TANDON@US.FUNCORP.LOCAL","ARCEL1974@US.FUNCORP.LOCAL","TRIN1987@US.FUNCORP.LOCAL","REPTEFOR79@US.FUNCORP.LOCAL","TRADJUS@US.FUNCORP.LOCAL","PHRE1975@US.FUNCORP.LOCAL","RESPEAT@US.FUNCORP.LOCAL","GLINTALL1984@US.FUNCORP.LOCAL","THERKILINDE1995@US.FUNCORP.LOCAL","PRIUSET1982@US.FUNCORP.LOCAL","SUAN1981@US.FUNCORP.LOCAL","VILD1986@US.FUNCORP.LOCAL","BEREN1991@US.FUNCORP.LOCAL","EVOU1974@US.FUNCORP.LOCAL","SHOUBLESS@US.FUNCORP.LOCAL","REAPS1995@US.FUNCORP.LOCAL","COMEAD@US.FUNCORP.LOCAL","WOULACE@US.FUNCORP.LOCAL","HOWEN1974@US.FUNCORP.LOCAL","ANDERE@US.FUNCORP.LOCAL","DEPRECTUOD88@US.FUNCORP.LOCAL","MOUGH1986@US.FUNCORP.LOCAL","THARTY@US.FUNCORP.LOCAL","FEENDAY74@US.FUNCORP.LOCAL","LIUMEN@US.FUNCORP.LOCAL","LANDAND1989@US.FUNCORP.LOCAL","FRICASECLAND1974@US.FUNCORP.LOCAL","WILTOOD@US.FUNCORP.LOCAL","LIFERTAKE@US.FUNCORP.LOCAL","SORS1980@US.FUNCORP.LOCAL","QUIR1993@US.FUNCORP.LOCAL","DISHO1996@US.FUNCORP.LOCAL","JUDDEN@US.FUNCORP.LOCAL","AFTEPER@US.FUNCORP.LOCAL","BROMENT@US.FUNCORP.LOCAL","HARASTAT73@US.FUNCORP.LOCAL","INGTHER@US.FUNCORP.LOCAL","INGLACRIEVOR@US.FUNCORP.LOCAL","MATIFENS@US.FUNCORP.LOCAL","HOSTE1981@US.FUNCORP.LOCAL","BELIKE1988@US.FUNCORP.LOCAL","WELLY1984@US.FUNCORP.LOCAL","WITIONARVESS@US.FUNCORP.LOCAL","WHISED@US.FUNCORP.LOCAL","THENIN@US.FUNCORP.LOCAL","ANERY1984@US.FUNCORP.LOCAL","HATHICS88@US.FUNCORP.LOCAL","WASTIONE@US.FUNCORP.LOCAL","ORMIN1977@US.FUNCORP.LOCAL","BEGGERVER82@US.FUNCORP.LOCAL","THENTOLFTHAT@US.FUNCORP.LOCAL","UNNIBURD91@US.FUNCORP.LOCAL","AGAIM1978@US.FUNCORP.LOCAL","HISSEAMED@US.FUNCORP.LOCAL","NALLED@US.FUNCORP.LOCAL","DECUL1999@US.FUNCORP.LOCAL","WIFOULAY@US.FUNCORP.LOCAL","WHOVESTAKEN@US.FUNCORP.LOCAL","CREACTMED@US.FUNCORP.LOCAL","THARINABLE@US.FUNCORP.LOCAL","TOND1976@US.FUNCORP.LOCAL","SCAUGHT1997@US.FUNCORP.LOCAL","THREF1977@US.FUNCORP.LOCAL","DIANDENCE@US.FUNCORP.LOCAL","FIEDILL@US.FUNCORP.LOCAL","ALTHERT@US.FUNCORP.LOCAL","GOOR1990@US.FUNCORP.LOCAL","SATINGRAME@US.FUNCORP.LOCAL","SAMOT1995@US.FUNCORP.LOCAL","CAPAINCESS@US.FUNCORP.LOCAL","HOLOY1993@US.FUNCORP.LOCAL","DEPHATERAS1990@US.FUNCORP.LOCAL","VITHEARTAT@US.FUNCORP.LOCAL","SEELLARELP@US.FUNCORP.LOCAL","POINS1979@US.FUNCORP.LOCAL","PRESEVED@US.FUNCORP.LOCAL","TWOURT@US.FUNCORP.LOCAL","SIONE1975@US.FUNCORP.LOCAL","SHERFEELF@US.FUNCORP.LOCAL","WARIULD@US.FUNCORP.LOCAL","DIDLY1991@US.FUNCORP.LOCAL","APPERVISRECT@US.FUNCORP.LOCAL","FELSOU@US.FUNCORP.LOCAL","ABITNUTIM@US.FUNCORP.LOCAL","MOONCE@US.FUNCORP.LOCAL","GIARISED@US.FUNCORP.LOCAL","FLARAPT@US.FUNCORP.LOCAL","PAYEADS@US.FUNCORP.LOCAL","YOURNEGAND@US.FUNCORP.LOCAL","GRELY1996@US.FUNCORP.LOCAL","GUSTANOTESTS@US.FUNCORP.LOCAL","OFFILY98@US.FUNCORP.LOCAL","CURNESS@US.FUNCORP.LOCAL","ONEST1996@US.FUNCORP.LOCAL","REPIA1973@US.FUNCORP.LOCAL","AGENTRACH@US.FUNCORP.LOCAL","EXPORK@US.FUNCORP.LOCAL","TAGEN1985@US.FUNCORP.LOCAL","PEAPPEND@US.FUNCORP.LOCAL","GIVESEETION@US.FUNCORP.LOCAL","COSPER@US.FUNCORP.LOCAL","BERY1978@US.FUNCORP.LOCAL","AGNIZA@US.FUNCORP.LOCAL","TRUIRALLITH@US.FUNCORP.LOCAL","TOLAD1977@US.FUNCORP.LOCAL","ACTIM1975@US.FUNCORP.LOCAL","HEMAND@US.FUNCORP.LOCAL","TWITHERING@US.FUNCORP.LOCAL","FRODDLY@US.FUNCORP.LOCAL","WERUNTING1991@US.FUNCORP.LOCAL","ALMOSOULD@US.FUNCORP.LOCAL","LEGREASING1998@US.FUNCORP.LOCAL","SUPECEAT@US.FUNCORP.LOCAL","HICAVE95@US.FUNCORP.LOCAL","SADIED@US.FUNCORP.LOCAL","MUSIGEN@US.FUNCORP.LOCAL","VENCEPTANT@US.FUNCORP.LOCAL","JUSING82@US.FUNCORP.LOCAL","MARIN1986@US.FUNCORP.LOCAL","PLECITHINCE92@US.FUNCORP.LOCAL","THERHAVENT@US.FUNCORP.LOCAL","JUSTRAL1997@US.FUNCORP.LOCAL","SMUT1976@US.FUNCORP.LOCAL","RALAS1994@US.FUNCORP.LOCAL","WITHENEVOIND@US.FUNCORP.LOCAL","NOURINS@US.FUNCORP.LOCAL","HISSEAMED84@US.FUNCORP.LOCAL","MONG1985@US.FUNCORP.LOCAL","BUTHEAS@US.FUNCORP.LOCAL","ANTOOMP@US.FUNCORP.LOCAL","THONIND@US.FUNCORP.LOCAL","NOTHEMOULD@US.FUNCORP.LOCAL","SAINGLED@US.FUNCORP.LOCAL","THATURESCE@US.FUNCORP.LOCAL","ITHE1991@US.FUNCORP.LOCAL","ENAMBRIAT@US.FUNCORP.LOCAL","DROOD1994@US.FUNCORP.LOCAL","FITHALY@US.FUNCORP.LOCAL","INECTOW1996@US.FUNCORP.LOCAL","SPELINK@US.FUNCORP.LOCAL","PROCCOMPED@US.FUNCORP.LOCAL","COUSHON@US.FUNCORP.LOCAL","DENCEST@US.FUNCORP.LOCAL","MANSTAKED@US.FUNCORP.LOCAL","ANTERIOND1987@US.FUNCORP.LOCAL","VAINK1990@US.FUNCORP.LOCAL","HOATHERAND@US.FUNCORP.LOCAL","GUSTANOTESTS92@US.FUNCORP.LOCAL","FOOKISTAND@US.FUNCORP.LOCAL","DRAN1995@US.FUNCORP.LOCAL","YEASUGHT@US.FUNCORP.LOCAL","APPITSED1982@US.FUNCORP.LOCAL","BITY1991@US.FUNCORP.LOCAL","SULLIGHTSE@US.FUNCORP.LOCAL","COULTAN@US.FUNCORP.LOCAL","SNANK1998@US.FUNCORP.LOCAL","THERUIRONG@US.FUNCORP.LOCAL","THERY1986@US.FUNCORP.LOCAL","HINKNOW1982@US.FUNCORP.LOCAL","FULARKS@US.FUNCORP.LOCAL","WOUN1975@US.FUNCORP.LOCAL","ENIOUT@US.FUNCORP.LOCAL","HATERIND75@US.FUNCORP.LOCAL","STIONEVE@US.FUNCORP.LOCAL","SEENTIOURCIO@US.FUNCORP.LOCAL","AROULD@US.FUNCORP.LOCAL","BITHE1995@US.FUNCORP.LOCAL","MANNEVE@US.FUNCORP.LOCAL","GOON1984@US.FUNCORP.LOCAL","PLEARROULD@US.FUNCORP.LOCAL","PUBLY1993@US.FUNCORP.LOCAL","DIFICEN@US.FUNCORP.LOCAL","HATTELL@US.FUNCORP.LOCAL","EVENTERE77@US.FUNCORP.LOCAL","ITAINGS1990@US.FUNCORP.LOCAL","HAPPONE91@US.FUNCORP.LOCAL","THERNEAVIN@US.FUNCORP.LOCAL","MINGENTY@US.FUNCORP.LOCAL","ANSTELY@US.FUNCORP.LOCAL","WELLOW@US.FUNCORP.LOCAL","BEIRME@US.FUNCORP.LOCAL","CAGAILD@US.FUNCORP.LOCAL","JUDY1985@US.FUNCORP.LOCAL","POSTOOMPHOM@US.FUNCORP.LOCAL","WHICESS1972@US.FUNCORP.LOCAL","SELLY1980@US.FUNCORP.LOCAL","SMING1982@US.FUNCORP.LOCAL","YOURSING@US.FUNCORP.LOCAL","BROPEAT@US.FUNCORP.LOCAL","PRED1973@US.FUNCORP.LOCAL","ONALL1998@US.FUNCORP.LOCAL","DOCKONTICH@US.FUNCORP.LOCAL","VISELY92@US.FUNCORP.LOCAL","THAVENTINSOM@US.FUNCORP.LOCAL","GRACKLY@US.FUNCORP.LOCAL","THERINUENG76@US.FUNCORP.LOCAL","HATURIM79@US.FUNCORP.LOCAL","YONGE1979@US.FUNCORP.LOCAL","SEVENJOY@US.FUNCORP.LOCAL","DARD1988@US.FUNCORP.LOCAL","PIRITS@US.FUNCORP.LOCAL","ROONSTANK@US.FUNCORP.LOCAL","DRECUR@US.FUNCORP.LOCAL","OWEENT@US.FUNCORP.LOCAL","LEFTERIM@US.FUNCORP.LOCAL","SAGMES@US.FUNCORP.LOCAL","THENTHE@US.FUNCORP.LOCAL","SATER1988@US.FUNCORP.LOCAL","SINKE1972@US.FUNCORP.LOCAL","AFTLE1985@US.FUNCORP.LOCAL","THREP1978@US.FUNCORP.LOCAL","SPEARGONS@US.FUNCORP.LOCAL","FALOSEENTION@US.FUNCORP.LOCAL","LANNY1982@US.FUNCORP.LOCAL","DESIBLESEN@US.FUNCORP.LOCAL","PLEATCHERGE@US.FUNCORP.LOCAL","PONTLEAS@US.FUNCORP.LOCAL","YOUBTLEAS@US.FUNCORP.LOCAL","TWOUTHE@US.FUNCORP.LOCAL","RESSILL@US.FUNCORP.LOCAL","BERY1986@US.FUNCORP.LOCAL","RUITAL@US.FUNCORP.LOCAL","GRAHME@US.FUNCORP.LOCAL","PEGARE@US.FUNCORP.LOCAL","AMENG1987@US.FUNCORP.LOCAL","HEASUFFEE@US.FUNCORP.LOCAL","INGERHAT@US.FUNCORP.LOCAL","DAMEND@US.FUNCORP.LOCAL","LEOU1979@US.FUNCORP.LOCAL","NOUS1980@US.FUNCORP.LOCAL","THOULDRE@US.FUNCORP.LOCAL","NOBBLAND1987@US.FUNCORP.LOCAL","CALTOME@US.FUNCORP.LOCAL","THEITHESE@US.FUNCORP.LOCAL","CAUDDS@US.FUNCORP.LOCAL","THESSIDEW@US.FUNCORP.LOCAL","WENTOME@US.FUNCORP.LOCAL","WHIMEN@US.FUNCORP.LOCAL","IMITHE@US.FUNCORP.LOCAL","CAMENLY88@US.FUNCORP.LOCAL","HOUGGETTERE@US.FUNCORP.LOCAL","SUCEL1987@US.FUNCORP.LOCAL","AREADDRE@US.FUNCORP.LOCAL","SLISE1985@US.FUNCORP.LOCAL","GINTRE@US.FUNCORP.LOCAL","QUANCE@US.FUNCORP.LOCAL","ROBLEGUITHE@US.FUNCORP.LOCAL","THRE1982@US.FUNCORP.LOCAL","POODS1995@US.FUNCORP.LOCAL","MOSTOR@US.FUNCORP.LOCAL","PAINGS@US.FUNCORP.LOCAL","THEIL1984@US.FUNCORP.LOCAL","WHATROLD@US.FUNCORP.LOCAL","WHINLY@US.FUNCORP.LOCAL","REMPLUME@US.FUNCORP.LOCAL","SQUIS1984@US.FUNCORP.LOCAL","OCCONEVER@US.FUNCORP.LOCAL","LONSPRIBEEN@US.FUNCORP.LOCAL","FASTORE94@US.FUNCORP.LOCAL","PLUDIAM@US.FUNCORP.LOCAL","WHOOVE@US.FUNCORP.LOCAL","PRIEFORPROOK@US.FUNCORP.LOCAL","THEINGLEE@US.FUNCORP.LOCAL","MAJORARD@US.FUNCORP.LOCAL","INFLE1973@US.FUNCORP.LOCAL","BECRUILY@US.FUNCORP.LOCAL","ADAINES77@US.FUNCORP.LOCAL","ABSOM1996@US.FUNCORP.LOCAL","UNSHES@US.FUNCORP.LOCAL","WOESPEN1990@US.FUNCORP.LOCAL","HISTOGIVES@US.FUNCORP.LOCAL","WIFEMELY@US.FUNCORP.LOCAL","THAPOOD@US.FUNCORP.LOCAL","HOSID1983@US.FUNCORP.LOCAL","HATIONEST@US.FUNCORP.LOCAL","BOSSUPPY@US.FUNCORP.LOCAL","HALED1999@US.FUNCORP.LOCAL","WASERE@US.FUNCORP.LOCAL","NOBLED@US.FUNCORP.LOCAL","HONOW1986@US.FUNCORP.LOCAL","RADEPT1977@US.FUNCORP.LOCAL","DISION@US.FUNCORP.LOCAL","DISHOMPER1987@US.FUNCORP.LOCAL","HATTERICH90@US.FUNCORP.LOCAL","DICHANNY@US.FUNCORP.LOCAL","COORMS@US.FUNCORP.LOCAL","TROMIS@US.FUNCORP.LOCAL","MICS1977@US.FUNCORP.LOCAL","THEREW@US.FUNCORP.LOCAL","COMETWOU@US.FUNCORP.LOCAL","PLOVER@US.FUNCORP.LOCAL","BEIGHT91@US.FUNCORP.LOCAL","YOUGHE1992@US.FUNCORP.LOCAL","SPITHER@US.FUNCORP.LOCAL","GUREQUE@US.FUNCORP.LOCAL","UPRE1995@US.FUNCORP.LOCAL","FULACTINVE@US.FUNCORP.LOCAL","MIGHTER@US.FUNCORP.LOCAL","PROOK1993@US.FUNCORP.LOCAL","ONTER1974@US.FUNCORP.LOCAL","WOODIST84@US.FUNCORP.LOCAL","INTIONCT@US.FUNCORP.LOCAL","OVERED@US.FUNCORP.LOCAL","YEADER98@US.FUNCORP.LOCAL","ABIGHT@US.FUNCORP.LOCAL","ANDISHISHE@US.FUNCORP.LOCAL","YOURED@US.FUNCORP.LOCAL","BABILESS@US.FUNCORP.LOCAL","STEARLE@US.FUNCORP.LOCAL","TRAVES@US.FUNCORP.LOCAL","LUCIAN@US.FUNCORP.LOCAL","NEVOLLY@US.FUNCORP.LOCAL","WASSEEPARD@US.FUNCORP.LOCAL","LAUSTIM@US.FUNCORP.LOCAL","FINERSTAIDE@US.FUNCORP.LOCAL","BRARMS@US.FUNCORP.LOCAL","AMORS1980@US.FUNCORP.LOCAL","MANGST1985@US.FUNCORP.LOCAL","EARE1981@US.FUNCORP.LOCAL","CLACKNESING@US.FUNCORP.LOCAL","THENLIND@US.FUNCORP.LOCAL","THISCE82@US.FUNCORP.LOCAL","WASSED1979@US.FUNCORP.LOCAL","HISTRAWAS@US.FUNCORP.LOCAL","BESILLENTLY@US.FUNCORP.LOCAL","DERTHAS1989@US.FUNCORP.LOCAL","THEESSALE@US.FUNCORP.LOCAL","SWERSTENE1975@US.FUNCORP.LOCAL","MORGEN@US.FUNCORP.LOCAL","PAREPHER@US.FUNCORP.LOCAL","HOURNICH@US.FUNCORP.LOCAL","ARDESCLARM@US.FUNCORP.LOCAL","PROMPRIED@US.FUNCORP.LOCAL","PLIMPARTHID@US.FUNCORP.LOCAL","FULAID@US.FUNCORP.LOCAL","THIMARL@US.FUNCORP.LOCAL","TEPEN1975@US.FUNCORP.LOCAL","HIMENTLY@US.FUNCORP.LOCAL","THEWENE@US.FUNCORP.LOCAL","PULAD1975@US.FUNCORP.LOCAL","ONAT1995@US.FUNCORP.LOCAL","MITIMEN@US.FUNCORP.LOCAL","EXPLESSE@US.FUNCORP.LOCAL","ANTOLIAND@US.FUNCORP.LOCAL","FELIST@US.FUNCORP.LOCAL","GLIVER@US.FUNCORP.LOCAL","BEHE1973@US.FUNCORP.LOCAL","ACCOM1985@US.FUNCORP.LOCAL","ALSENT1977@US.FUNCORP.LOCAL","ONOTEN@US.FUNCORP.LOCAL","NAKENCERAL@US.FUNCORP.LOCAL","SESECE@US.FUNCORP.LOCAL","UNKED1978@US.FUNCORP.LOCAL","DRIALE@US.FUNCORP.LOCAL","STRATER@US.FUNCORP.LOCAL","SECTUD@US.FUNCORP.LOCAL","GUILL1978@US.FUNCORP.LOCAL","HATHAPSONEL73@US.FUNCORP.LOCAL","FORESSEY1994@US.FUNCORP.LOCAL","SHAD1995@US.FUNCORP.LOCAL","WROWN1976@US.FUNCORP.LOCAL","THEARDED96@US.FUNCORP.LOCAL","OVEHIS@US.FUNCORP.LOCAL","FIGHOU@US.FUNCORP.LOCAL","UPOING@US.FUNCORP.LOCAL","EVERYTHEIR1983@US.FUNCORP.LOCAL","LECRID1974@US.FUNCORP.LOCAL","JUDIS1989@US.FUNCORP.LOCAL","ININVING@US.FUNCORP.LOCAL","EMENSIONS@US.FUNCORP.LOCAL","HADIDECOUNT@US.FUNCORP.LOCAL","NERTY1976@US.FUNCORP.LOCAL","ADSOME@US.FUNCORP.LOCAL","HAVESIONT@US.FUNCORP.LOCAL","CUPOSER1998@US.FUNCORP.LOCAL","LLOSTASTINGS@US.FUNCORP.LOCAL","HADE1986@US.FUNCORP.LOCAL","HISTOOK85@US.FUNCORP.LOCAL","PRID1994@US.FUNCORP.LOCAL","MOMPARBEFT@US.FUNCORP.LOCAL","OBBIGH@US.FUNCORP.LOCAL","MOSELY@US.FUNCORP.LOCAL","DENIESS@US.FUNCORP.LOCAL","LIFESIGH@US.FUNCORP.LOCAL","SHERED@US.FUNCORP.LOCAL","DRINNERA@US.FUNCORP.LOCAL","THAVIR87@US.FUNCORP.LOCAL","FROUR1980@US.FUNCORP.LOCAL","SUPOSE@US.FUNCORP.LOCAL","CARCH1994@US.FUNCORP.LOCAL","LINDERS@US.FUNCORP.LOCAL","FORYANCEIR@US.FUNCORP.LOCAL","MANC1978@US.FUNCORP.LOCAL","JOBILL@US.FUNCORP.LOCAL","DENTS1984@US.FUNCORP.LOCAL","ANIFING1990@US.FUNCORP.LOCAL","EXPALETIOLL@US.FUNCORP.LOCAL","FORGEST@US.FUNCORP.LOCAL","ATURE1988@US.FUNCORP.LOCAL","SOBJECOLD@US.FUNCORP.LOCAL","LISHER@US.FUNCORP.LOCAL","MOSEN1975@US.FUNCORP.LOCAL","ANCIONS@US.FUNCORP.LOCAL","HIMPARIENGE85@US.FUNCORP.LOCAL","OFFOR1996@US.FUNCORP.LOCAL","BUSIND@US.FUNCORP.LOCAL","FROUSBAREDE1977@US.FUNCORP.LOCAL","WOULS1982@US.FUNCORP.LOCAL","BUSED1982@US.FUNCORP.LOCAL","PAREL1986@US.FUNCORP.LOCAL","ARMORTHAVINS@US.FUNCORP.LOCAL","LOOMELY@US.FUNCORP.LOCAL","LOWS1984@US.FUNCORP.LOCAL","SERSO1986@US.FUNCORP.LOCAL","HANIUMADER80@US.FUNCORP.LOCAL","HALMOT@US.FUNCORP.LOCAL","MUCHATET@US.FUNCORP.LOCAL","SONTERS80@US.FUNCORP.LOCAL","REPAR1981@US.FUNCORP.LOCAL","HISERFULD@US.FUNCORP.LOCAL","PORTICED@US.FUNCORP.LOCAL","SOCES1973@US.FUNCORP.LOCAL","ANNEVER@US.FUNCORP.LOCAL","PLING1973@US.FUNCORP.LOCAL","BOXECHAN@US.FUNCORP.LOCAL","FATTLE@US.FUNCORP.LOCAL","BUTOOT@US.FUNCORP.LOCAL","VOLE1993@US.FUNCORP.LOCAL","BEGG1983@US.FUNCORP.LOCAL","HEREINITOOR@US.FUNCORP.LOCAL","THATION@US.FUNCORP.LOCAL","QUICHAVED@US.FUNCORP.LOCAL","OLLE1992@US.FUNCORP.LOCAL","PECTER80@US.FUNCORP.LOCAL","WHISEED82@US.FUNCORP.LOCAL","WITIS1975@US.FUNCORP.LOCAL","EQUARINGER@US.FUNCORP.LOCAL","FIVINTE@US.FUNCORP.LOCAL","BROFFELY@US.FUNCORP.LOCAL","WASPED@US.FUNCORP.LOCAL","SUATION@US.FUNCORP.LOCAL","FORY1975@US.FUNCORP.LOCAL","HATAT1983@US.FUNCORP.LOCAL","COURSOCIED@US.FUNCORP.LOCAL","ANITHE@US.FUNCORP.LOCAL","TEREME@US.FUNCORP.LOCAL","GETELON@US.FUNCORP.LOCAL","SITHEMS@US.FUNCORP.LOCAL","HISTITANDUL@US.FUNCORP.LOCAL","THISHARM@US.FUNCORP.LOCAL","PONJUSEME74@US.FUNCORP.LOCAL","SPICH1981@US.FUNCORP.LOCAL","AGERES@US.FUNCORP.LOCAL","TRAM1989@US.FUNCORP.LOCAL","HELOGIVE1979@US.FUNCORP.LOCAL","BRICIP@US.FUNCORP.LOCAL","YOUGHTEN@US.FUNCORP.LOCAL","LONINTLY@US.FUNCORP.LOCAL","SMATHE77@US.FUNCORP.LOCAL","OTATEW@US.FUNCORP.LOCAL","FROIR1976@US.FUNCORP.LOCAL","TRAY1996@US.FUNCORP.LOCAL","FRIVE1985@US.FUNCORP.LOCAL","UNTRATER92@US.FUNCORP.LOCAL","ANDONCENTICH@US.FUNCORP.LOCAL","SHOPMED76@US.FUNCORP.LOCAL","TRESS1993@US.FUNCORP.LOCAL","SURRIESS@US.FUNCORP.LOCAL","HISCAM92@US.FUNCORP.LOCAL","BRUD1980@US.FUNCORP.LOCAL","ANDUT1976@US.FUNCORP.LOCAL","SURRIVE@US.FUNCORP.LOCAL","PRIN1994@US.FUNCORP.LOCAL","HERNIONE@US.FUNCORP.LOCAL","FIRENTS98@US.FUNCORP.LOCAL","ETER1988@US.FUNCORP.LOCAL","NABOWLE96@US.FUNCORP.LOCAL","MOSEETANY@US.FUNCORP.LOCAL","YOULAT1976@US.FUNCORP.LOCAL","PITORE@US.FUNCORP.LOCAL","THALS1973@US.FUNCORP.LOCAL","TOGES1997@US.FUNCORP.LOCAL","AFRO1986@US.FUNCORP.LOCAL","STOLVEN1987@US.FUNCORP.LOCAL","FRIESE@US.FUNCORP.LOCAL","LIERHAN@US.FUNCORP.LOCAL","ANDSHO@US.FUNCORP.LOCAL","SLONLY@US.FUNCORP.LOCAL","APPAREWS@US.FUNCORP.LOCAL","DUCHICH87@US.FUNCORP.LOCAL","FEEM1986@US.FUNCORP.LOCAL","WOMING@US.FUNCORP.LOCAL","THISEATCHAT98@US.FUNCORP.LOCAL","GERRY1977@US.FUNCORP.LOCAL","WAAKED@US.FUNCORP.LOCAL","WILTAND1983@US.FUNCORP.LOCAL","UNTLER@US.FUNCORP.LOCAL","ARRYIN80@US.FUNCORP.LOCAL","THEMS1990@US.FUNCORP.LOCAL","THISTRUS@US.FUNCORP.LOCAL","WILTS1987@US.FUNCORP.LOCAL","YOUNTIVELL@US.FUNCORP.LOCAL","PORKNOWLE@US.FUNCORP.LOCAL","BEGAVE@US.FUNCORP.LOCAL","TRACKIN@US.FUNCORP.LOCAL","CACENEVIVER@US.FUNCORP.LOCAL","THALKE@US.FUNCORP.LOCAL","WITAL1982@US.FUNCORP.LOCAL","WITTE1992@US.FUNCORP.LOCAL","FRAIDGETEFE@US.FUNCORP.LOCAL","WIDEP1992@US.FUNCORP.LOCAL","ANCIENSER@US.FUNCORP.LOCAL","ARAND1997@US.FUNCORP.LOCAL","MEXCLOSED1990@US.FUNCORP.LOCAL","FOOPHY1991@US.FUNCORP.LOCAL","KNELLF@US.FUNCORP.LOCAL","PARLOO@US.FUNCORP.LOCAL","APPICH@US.FUNCORP.LOCAL","MANTER@US.FUNCORP.LOCAL","STERLY@US.FUNCORP.LOCAL","HISTICELY@US.FUNCORP.LOCAL","GINGEE@US.FUNCORP.LOCAL","SCIFE1989@US.FUNCORP.LOCAL","JIMED1984@US.FUNCORP.LOCAL","PLAM1998@US.FUNCORP.LOCAL","MORGIVY@US.FUNCORP.LOCAL","SUALE1987@US.FUNCORP.LOCAL","TRUBMISOACE@US.FUNCORP.LOCAL","SHATERIERE@US.FUNCORP.LOCAL","VICHEIRE@US.FUNCORP.LOCAL","CIALS1972@US.FUNCORP.LOCAL","FORTIONLE@US.FUNCORP.LOCAL","SMOR1991@US.FUNCORP.LOCAL","SCRUES@US.FUNCORP.LOCAL","ARKS1991@US.FUNCORP.LOCAL","LEDIFF@US.FUNCORP.LOCAL","GRICHE87@US.FUNCORP.LOCAL","ACIATUR@US.FUNCORP.LOCAL","TUDDLY@US.FUNCORP.LOCAL","THOSELTOGS@US.FUNCORP.LOCAL","PEREARGED@US.FUNCORP.LOCAL","ROWER1992@US.FUNCORP.LOCAL","BEFORN@US.FUNCORP.LOCAL","APPEANG@US.FUNCORP.LOCAL","LISHERFENCE@US.FUNCORP.LOCAL","SICAL1994@US.FUNCORP.LOCAL","FACK1980@US.FUNCORP.LOCAL","BETCHING@US.FUNCORP.LOCAL","EALAINGS@US.FUNCORP.LOCAL","THRUSEELL@US.FUNCORP.LOCAL","ONSWAT@US.FUNCORP.LOCAL","HICAGAVER1999@US.FUNCORP.LOCAL","PERINCED@US.FUNCORP.LOCAL","FOURGE@US.FUNCORP.LOCAL","DISIBII@US.FUNCORP.LOCAL","LICUREAUND1989@US.FUNCORP.LOCAL","WADBOY1999@US.FUNCORP.LOCAL","THAPOSTS@US.FUNCORP.LOCAL","HUNNE1986@US.FUNCORP.LOCAL","ROUR1995@US.FUNCORP.LOCAL","EFORST@US.FUNCORP.LOCAL","THERITH1975@US.FUNCORP.LOCAL","DERAIR@US.FUNCORP.LOCAL","PARECTEDEPAS@US.FUNCORP.LOCAL","TILOOT@US.FUNCORP.LOCAL","ANXIORTAMPT@US.FUNCORP.LOCAL","DIONG1975@US.FUNCORP.LOCAL","YETHE1987@US.FUNCORP.LOCAL","PERED1975@US.FUNCORP.LOCAL","SUPOT1975@US.FUNCORP.LOCAL","DOEMPUT@US.FUNCORP.LOCAL","RAIDDECE@US.FUNCORP.LOCAL","COMRACED75@US.FUNCORP.LOCAL","CARBANDOIN@US.FUNCORP.LOCAL","EAREETER@US.FUNCORP.LOCAL","THADVAN@US.FUNCORP.LOCAL","CHIMESTE@US.FUNCORP.LOCAL","VULACED80@US.FUNCORP.LOCAL","SPOSEEN@US.FUNCORP.LOCAL","MILLOPEAT@US.FUNCORP.LOCAL","LOPE1987@US.FUNCORP.LOCAL"],"Links":null,"Aces":null}],"meta":{"count":6,"type":"ous"}}