﻿{"gpos":[{"Properties":{"highvalue":false,"domain":"US.FUNCORP.LOCAL","description":null,"gpcpath":"\\\\us.funcorp.local\\sysvol\\us.funcorp.local\\Policies\\{6AC1786C-016F-11D2-945F-00C04fB984F9}"},"Name":"DEFAULT DOMAIN CONTROLLERS POLICY@US.FUNCORP.LOCAL","Guid":"6AC1786C-016F-11D2-945F-00C04fB984F9","Aces":[{"PrincipalName":"DOMAIN ADMINS@US.FUNCORP.LOCAL","PrincipalType":"group","RightName":"Owner","AceType":""},{"PrincipalName":"DOMAIN ADMINS@US.FUNCORP.LOCAL","PrincipalType":"group","RightName":"WriteDacl","AceType":""},{"PrincipalName":"DOMAIN ADMINS@US.FUNCORP.LOCAL","PrincipalType":"group","RightName":"WriteOwner","AceType":""}]},{"Properties":{"highvalue":false,"domain":"US.FUNCORP.LOCAL","description":null,"gpcpath":"\\\\us.funcorp.local\\SysVol\\us.funcorp.local\\Policies\\{603ABE02-C554-49B1-A462-2FF89BC61CB2}"},"Name":"APPLOCKED@US.FUNCORP.LOCAL","Guid":"603ABE02-C554-49B1-A462-2FF89BC61CB2","Aces":[{"PrincipalName":"DOMAIN ADMINS@US.FUNCORP.LOCAL","PrincipalType":"group","RightName":"Owner","AceType":""},{"PrincipalName":"DOMAIN ADMINS@US.FUNCORP.LOCAL","PrincipalType":"group","RightName":"WriteDacl","AceType":""},{"PrincipalName":"DOMAIN ADMINS@US.FUNCORP.LOCAL","PrincipalType":"group","RightName":"WriteOwner","AceType":""}]},{"Properties":{"highvalue":false,"domain":"US.FUNCORP.LOCAL","description":null,"gpcpath":"\\\\us.funcorp.local\\SysVol\\us.funcorp.local\\Policies\\{B822494A-DD6A-4E96-A2BB-944E397208A1}"},"Name":"STUDENTMACHINESPOLICY@US.FUNCORP.LOCAL","Guid":"B822494A-DD6A-4E96-A2BB-944E397208A1","Aces":[{"PrincipalName":"DOMAIN ADMINS@US.FUNCORP.LOCAL","PrincipalType":"group","RightName":"Owner","AceType":""},{"PrincipalName":"DOMAIN ADMINS@US.FUNCORP.LOCAL","PrincipalType":"group","RightName":"WriteDacl","AceType":""},{"PrincipalName":"DOMAIN ADMINS@US.FUNCORP.LOCAL","PrincipalType":"group","RightName":"WriteOwner","AceType":""}]},{"Properties":{"highvalue":false,"domain":"US.FUNCORP.LOCAL","description":null,"gpcpath":"\\\\us.funcorp.local\\SysVol\\us.funcorp.local\\Policies\\{C95D8D85-BFE6-453E-9668-E31379106EB0}"},"Name":"SERVERSPOLICY@US.FUNCORP.LOCAL","Guid":"C95D8D85-BFE6-453E-9668-E31379106EB0","Aces":[{"PrincipalName":"DOMAIN ADMINS@US.FUNCORP.LOCAL","PrincipalType":"group","RightName":"Owner","AceType":""},{"PrincipalName":"DOMAIN ADMINS@US.FUNCORP.LOCAL","PrincipalType":"group","RightName":"WriteDacl","AceType":""},{"PrincipalName":"DOMAIN ADMINS@US.FUNCORP.LOCAL","PrincipalType":"group","RightName":"WriteOwner","AceType":""}]},{"Properties":{"highvalue":false,"domain":"US.FUNCORP.LOCAL","description":null,"gpcpath":"\\\\us.funcorp.local\\sysvol\\us.funcorp.local\\Policies\\{31B2F340-016D-11D2-945F-00C04FB984F9}"},"Name":"DEFAULT DOMAIN POLICY@US.FUNCORP.LOCAL","Guid":"31B2F340-016D-11D2-945F-00C04FB984F9","Aces":[{"PrincipalName":"DOMAIN ADMINS@US.FUNCORP.LOCAL","PrincipalType":"group","RightName":"Owner","AceType":""},{"PrincipalName":"DOMAIN ADMINS@US.FUNCORP.LOCAL","PrincipalType":"group","RightName":"WriteDacl","AceType":""},{"PrincipalName":"DOMAIN ADMINS@US.FUNCORP.LOCAL","PrincipalType":"group","RightName":"WriteOwner","AceType":""}]}],"meta":{"count":5,"type":"gpos"}}